sample_id,batch,timepoint,HK_001,HK_002,HK_003,HK_004,HK_005,HK_006,HK_007,HK_008,HK_009,HK_010,HK_011,HK_012,HK_013,HK_014,HK_015,HK_016,HK_017,HK_018,HK_019,HK_020,HK_021,HK_022,HK_023,HK_024,HK_025,HK_026,HK_027,HK_028,HK_029,HK_030,HK_031,HK_032,HK_033,HK_034,HK_035,HK_036,HK_037,HK_038,HK_039,HK_040,HK_041,HK_042,HK_043,HK_044,HK_045,HK_046,HK_047,HK_048,HK_049,HK_050,HK_051,HK_052,HK_053,HK_054,HK_055,HK_056,HK_057,HK_058,HK_059,HK_060,HK_061,HK_062,HK_063,HK_064,HK_065,HK_066,HK_067,HK_068,HK_069,HK_070,HK_071,HK_072,HK_073,HK_074,HK_075,HK_076,HK_077,HK_078,HK_079,HK_080,HK_081,HK_082,HK_083,HK_084,HK_085,HK_086,HK_087,HK_088,HK_089,HK_090,HK_091,HK_092,HK_093,HK_094,HK_095,HK_096,HK_097,HK_098,HK_099,HK_100,HK_101,HK_102,HK_103,HK_104,HK_105,HK_106,HK_107,HK_108,HK_109,HK_110,HK_111,HK_112,HK_113,HK_114,HK_115,HK_116,HK_117,HK_118,HK_119,HK_120,HK_121,HK_122,HK_123,HK_124,HK_125,HK_126,HK_127,HK_128,HK_129,HK_130,HK_131,HK_132,HK_133,HK_134,HK_135,HK_136,HK_137,HK_138,HK_139,HK_140,HK_141,HK_142,HK_143,HK_144,HK_145,HK_146,HK_147,HK_148,HK_149,HK_150,HK_151,HK_152,HK_153,HK_154,HK_155,HK_156,HK_157,HK_158,HK_159,HK_160,HK_161,HK_162,HK_163,HK_164,HK_165,HK_166,HK_167,HK_168,HK_169,HK_170,HK_171,HK_172,HK_173,HK_174,HK_175,HK_176,HK_177,HK_178,HK_179,HK_180,HK_181,HK_182,HK_183,HK_184,HK_185,HK_186,HK_187,HK_188,HK_189,HK_190,HK_191,HK_192,HK_193,HK_194,HK_195,HK_196,HK_197,HK_198,HK_199,HK_200,IMM_001,IMM_002,IMM_003,IMM_004,IMM_005,IMM_006,IMM_007,IMM_008,IMM_009,IMM_010,IMM_011,IMM_012,IMM_013,IMM_014,IMM_015,IMM_016,IMM_017,IMM_018,IMM_019,IMM_020,IMM_021,IMM_022,IMM_023,IMM_024,IMM_025,IMM_026,IMM_027,IMM_028,IMM_029,IMM_030,IMM_031,IMM_032,IMM_033,IMM_034,IMM_035,IMM_036,IMM_037,IMM_038,IMM_039,IMM_040,IMM_041,IMM_042,IMM_043,IMM_044,IMM_045,IMM_046,IMM_047,IMM_048,IMM_049,IMM_050,IMM_051,IMM_052,IMM_053,IMM_054,IMM_055,IMM_056,IMM_057,IMM_058,IMM_059,IMM_060,IMM_061,IMM_062,IMM_063,IMM_064,IMM_065,IMM_066,IMM_067,IMM_068,IMM_069,IMM_070,IMM_071,IMM_072,IMM_073,IMM_074,IMM_075,IMM_076,IMM_077,IMM_078,IMM_079,IMM_080,IMM_081,IMM_082,IMM_083,IMM_084,IMM_085,IMM_086,IMM_087,IMM_088,IMM_089,IMM_090,IMM_091,IMM_092,IMM_093,IMM_094,IMM_095,IMM_096,IMM_097,IMM_098,IMM_099,IMM_100,IMM_101,IMM_102,IMM_103,IMM_104,IMM_105,IMM_106,IMM_107,IMM_108,IMM_109,IMM_110,IMM_111,IMM_112,IMM_113,IMM_114,IMM_115,IMM_116,IMM_117,IMM_118,IMM_119,IMM_120,IMM_121,IMM_122,IMM_123,IMM_124,IMM_125,IMM_126,IMM_127,IMM_128,IMM_129,IMM_130,IMM_131,IMM_132,IMM_133,IMM_134,IMM_135,IMM_136,IMM_137,IMM_138,IMM_139,IMM_140,IMM_141,IMM_142,IMM_143,IMM_144,IMM_145,IMM_146,IMM_147,IMM_148,IMM_149,IMM_150,IMM_151,IMM_152,IMM_153,IMM_154,IMM_155,IMM_156,IMM_157,IMM_158,IMM_159,IMM_160,IMM_161,IMM_162,IMM_163,IMM_164,IMM_165,IMM_166,IMM_167,IMM_168,IMM_169,IMM_170,IMM_171,IMM_172,IMM_173,IMM_174,IMM_175,IMM_176,IMM_177,IMM_178,IMM_179,IMM_180,IMM_181,IMM_182,IMM_183,IMM_184,IMM_185,IMM_186,IMM_187,IMM_188,IMM_189,IMM_190,IMM_191,IMM_192,IMM_193,IMM_194,IMM_195,IMM_196,IMM_197,IMM_198,IMM_199,IMM_200,IMM_201,IMM_202,IMM_203,IMM_204,IMM_205,IMM_206,IMM_207,IMM_208,IMM_209,IMM_210,IMM_211,IMM_212,IMM_213,IMM_214,IMM_215,IMM_216,IMM_217,IMM_218,IMM_219,IMM_220,IMM_221,IMM_222,IMM_223,IMM_224,IMM_225,IMM_226,IMM_227,IMM_228,IMM_229,IMM_230,IMM_231,IMM_232,IMM_233,IMM_234,IMM_235,IMM_236,IMM_237,IMM_238,IMM_239,IMM_240,IMM_241,IMM_242,IMM_243,IMM_244,IMM_245,IMM_246,IMM_247,IMM_248,IMM_249,IMM_250,IMM_251,IMM_252,IMM_253,IMM_254,IMM_255,IMM_256,IMM_257,IMM_258,IMM_259,IMM_260,IMM_261,IMM_262,IMM_263,IMM_264,IMM_265,IMM_266,IMM_267,IMM_268,IMM_269,IMM_270,IMM_271,IMM_272,IMM_273,IMM_274,IMM_275,IMM_276,IMM_277,IMM_278,IMM_279,IMM_280,IMM_281,IMM_282,IMM_283,IMM_284,IMM_285,IMM_286,IMM_287,IMM_288,IMM_289,IMM_290,IMM_291,IMM_292,IMM_293,IMM_294,IMM_295,IMM_296,IMM_297,IMM_298,IMM_299,IMM_300,LOW_001,LOW_002,LOW_003,LOW_004,LOW_005,LOW_006,LOW_007,LOW_008,LOW_009,LOW_010,LOW_011,LOW_012,LOW_013,LOW_014,LOW_015,LOW_016,LOW_017,LOW_018,LOW_019,LOW_020,LOW_021,LOW_022,LOW_023,LOW_024,LOW_025,LOW_026,LOW_027,LOW_028,LOW_029,LOW_030,LOW_031,LOW_032,LOW_033,LOW_034,LOW_035,LOW_036,LOW_037,LOW_038,LOW_039,LOW_040,LOW_041,LOW_042,LOW_043,LOW_044,LOW_045,LOW_046,LOW_047,LOW_048,LOW_049,LOW_050,LOW_051,LOW_052,LOW_053,LOW_054,LOW_055,LOW_056,LOW_057,LOW_058,LOW_059,LOW_060,LOW_061,LOW_062,LOW_063,LOW_064,LOW_065,LOW_066,LOW_067,LOW_068,LOW_069,LOW_070,LOW_071,LOW_072,LOW_073,LOW_074,LOW_075,LOW_076,LOW_077,LOW_078,LOW_079,LOW_080,LOW_081,LOW_082,LOW_083,LOW_084,LOW_085,LOW_086,LOW_087,LOW_088,LOW_089,LOW_090,LOW_091,LOW_092,LOW_093,LOW_094,LOW_095,LOW_096,LOW_097,LOW_098,LOW_099,LOW_100,LOW_101,LOW_102,LOW_103,LOW_104,LOW_105,LOW_106,LOW_107,LOW_108,LOW_109,LOW_110,LOW_111,LOW_112,LOW_113,LOW_114,LOW_115,LOW_116,LOW_117,LOW_118,LOW_119,LOW_120,LOW_121,LOW_122,LOW_123,LOW_124,LOW_125,LOW_126,LOW_127,LOW_128,LOW_129,LOW_130,LOW_131,LOW_132,LOW_133,LOW_134,LOW_135,LOW_136,LOW_137,LOW_138,LOW_139,LOW_140,LOW_141,LOW_142,LOW_143,LOW_144,LOW_145,LOW_146,LOW_147,LOW_148,LOW_149,LOW_150,LOW_151,LOW_152,LOW_153,LOW_154,LOW_155,LOW_156,LOW_157,LOW_158,LOW_159,LOW_160,LOW_161,LOW_162,LOW_163,LOW_164,LOW_165,LOW_166,LOW_167,LOW_168,LOW_169,LOW_170,LOW_171,LOW_172,LOW_173,LOW_174,LOW_175,LOW_176,LOW_177,LOW_178,LOW_179,LOW_180,LOW_181,LOW_182,LOW_183,LOW_184,LOW_185,LOW_186,LOW_187,LOW_188,LOW_189,LOW_190,LOW_191,LOW_192,LOW_193,LOW_194,LOW_195,LOW_196,LOW_197,LOW_198,LOW_199,LOW_200,HVAR_001,HVAR_002,HVAR_003,HVAR_004,HVAR_005,HVAR_006,HVAR_007,HVAR_008,HVAR_009,HVAR_010,HVAR_011,HVAR_012,HVAR_013,HVAR_014,HVAR_015,HVAR_016,HVAR_017,HVAR_018,HVAR_019,HVAR_020,HVAR_021,HVAR_022,HVAR_023,HVAR_024,HVAR_025,HVAR_026,HVAR_027,HVAR_028,HVAR_029,HVAR_030,HVAR_031,HVAR_032,HVAR_033,HVAR_034,HVAR_035,HVAR_036,HVAR_037,HVAR_038,HVAR_039,HVAR_040,HVAR_041,HVAR_042,HVAR_043,HVAR_044,HVAR_045,HVAR_046,HVAR_047,HVAR_048,HVAR_049,HVAR_050
JUDE_T3,BatchB,3,3048,6020,2884,2909,2557,3135,5345,2841,4988,6172,3671,6463,5263,3254,6801,3075,3111,3083,3238,3053,3085,2947,2882,7495,2827,3194,6434,3012,3183,2834,3352,2989,2774,2560,2796,3195,2819,7526,2903,3363,6567,2834,3046,2957,3165,5844,3126,3313,2981,3115,4708,7000,2788,2979,8286,2683,2900,2920,5515,7861,2834,2830,3211,5872,3109,3206,2745,2982,3045,3126,2873,4172,2875,3090,3076,3265,4761,6636,3275,6591,3150,2945,3073,6402,2942,3248,2717,4206,3084,6376,6379,2988,3093,4097,3013,5813,6949,2821,2953,7239,2959,4894,2938,3460,2868,3121,2903,3351,7617,3015,3221,2949,3340,2791,3044,5151,2842,2875,3053,2602,2702,5997,3084,5981,3092,3122,3562,4402,2559,3138,7518,5771,3279,3060,2835,5836,2824,3119,3479,3748,10121,2945,4479,2739,2956,3078,3298,2970,3118,2972,2980,6160,8165,3196,3198,3385,5509,3122,2894,2900,2884,2835,2991,2835,4845,3127,3076,2780,9323,6709,4179,2987,2768,2840,2864,2892,3322,3088,3180,6658,3132,6856,3013,3164,3197,2940,2974,3072,6958,5918,3177,7211,3562,5206,4214,2842,10061,2771,2525,8573,174,237,213,205,100,156,120,130,119,151,188,234,181,111,115,159,180,186,226,148,334,181,153,112,149,147,220,235,128,278,191,127,143,196,137,134,266,159,135,384,111,140,101,111,808,128,108,211,252,217,158,169,214,202,240,186,159,235,223,280,284,260,162,121,349,178,337,144,116,174,211,168,178,393,167,148,127,138,186,147,286,96,189,477,213,152,148,313,277,279,166,445,502,112,153,320,151,143,94,359,198,108,177,143,160,103,122,181,228,208,178,223,217,130,193,142,280,136,146,122,184,148,210,167,236,269,274,148,128,218,324,172,133,341,263,114,119,465,181,312,181,167,166,172,485,106,119,420,193,217,170,517,140,201,536,173,143,181,115,139,146,169,496,110,183,174,228,405,146,189,144,180,195,222,479,395,161,126,244,136,152,170,235,155,292,122,371,155,236,113,72,151,516,147,165,190,206,172,414,131,146,147,185,139,469,155,152,177,94,135,120,197,121,281,237,359,199,203,134,206,158,139,502,110,121,511,154,190,177,139,110,313,142,270,417,265,117,117,376,143,160,174,153,485,133,245,530,141,158,168,240,185,485,265,128,165,190,474,346,152,150,119,220,176,210,166,137,452,419,146,144,165,109,150,399,123,182,136,162,528,148,338,150,159,177,148,149,142,150,300,503,158,163,253,147,311,106,360,254,103,8,21,13,11,4,7,24,8,8,7,9,6,9,8,9,8,19,13,8,31,10,15,12,16,15,7,12,13,7,10,6,6,6,20,6,20,7,10,4,6,5,5,12,6,17,6,6,7,10,9,6,17,8,32,8,15,20,7,8,13,8,8,17,5,18,8,15,6,8,7,4,17,7,6,7,5,18,12,6,7,4,5,8,5,7,10,10,10,7,11,6,6,11,5,10,7,7,10,18,4,27,6,19,19,6,8,9,11,5,7,7,7,4,8,6,11,20,9,11,11,6,7,8,14,8,10,7,19,6,5,11,14,6,11,15,15,18,5,24,10,6,10,13,9,7,7,9,4,9,8,25,8,9,10,10,8,6,8,29,20,11,6,6,13,14,5,5,9,5,4,8,9,18,6,8,6,14,18,9,17,16,9,12,7,7,7,8,10,9,17,9,9,10,4,7,7,5,7,6,6,0,0,0,0,0,0,0,0,0,0,0,0,0,0,0,0,0,0,0,0,1170,1215,1042,1047,1143,1318,1253,1139,1129,1013,1178,1248,1209,1126,1217,1210,1349,1257,975,977,21,21,19,16,21,21,23,23,20,18
SABRA_T3,BatchB,3,2920,5991,3077,2933,2851,2764,5060,2607,5115,6103,3118,5902,4440,3601,6622,3087,3284,3020,3154,3136,3084,3047,2929,8852,2637,2824,6319,2925,3087,3043,3369,3050,3404,2728,3121,3145,3032,7742,3089,3450,6180,3207,2758,3119,3332,5568,3260,3325,2797,3066,4958,6844,2891,2719,8071,3109,3175,3448,5678,10029,2648,2775,3116,6705,2832,3336,2925,3225,3206,3042,2875,3818,2939,2850,3284,3304,5577,6204,2999,6192,3226,2866,2958,6245,2915,3413,3017,4383,2953,6812,6537,2768,2802,4006,2702,6510,5969,2643,2843,7317,2988,4844,2849,2944,2736,2703,2513,2639,7178,2753,3177,2785,3795,2668,3192,5486,3150,3155,3111,2716,2804,6540,3028,6249,2932,3016,3363,4454,2995,2953,8626,5933,3142,2963,2636,5876,2810,3211,3115,3418,10821,2833,4249,3319,2939,3377,2788,3009,3046,3065,2747,6139,8433,3117,2900,3373,5679,3014,2667,3066,2747,3084,3303,2861,5161,2538,3114,3248,10053,7311,3839,2890,2829,2713,2708,3031,3208,3122,3068,7490,3314,7172,2896,2941,2938,2965,2912,2884,6060,5760,3038,7283,3372,4732,3995,2808,8614,2972,2743,8128,151,210,237,163,96,137,144,108,119,142,171,187,149,140,167,163,173,187,278,125,290,147,175,119,145,163,277,224,127,374,182,161,164,198,116,154,197,145,149,437,118,153,108,110,775,106,101,241,278,242,143,158,169,180,215,165,172,240,198,301,210,313,157,119,325,167,399,145,137,177,168,167,178,353,209,173,138,113,220,166,212,109,173,455,264,143,171,305,312,206,159,401,435,110,174,333,140,115,110,325,192,138,172,123,159,110,137,169,217,247,195,194,190,156,191,149,231,117,199,121,187,158,204,188,216,308,267,166,141,195,368,147,156,339,275,117,131,419,179,336,199,152,131,156,542,111,132,368,183,186,172,540,127,177,543,147,149,195,110,144,199,148,473,98,157,206,270,390,160,166,146,198,154,163,496,349,143,123,215,132,153,165,210,101,275,133,342,161,282,111,99,167,498,154,202,123,160,180,376,143,160,163,191,128,577,126,145,164,88,106,120,189,110,293,218,326,179,214,152,189,149,118,536,120,129,511,203,196,181,158,114,308,116,325,495,267,135,98,380,172,165,150,150,372,154,256,413,143,220,144,242,164,589,234,144,170,200,510,314,158,149,114,247,149,218,135,148,465,392,117,157,152,131,118,434,118,207,114,173,534,146,345,156,180,148,164,150,179,118,320,417,150,145,242,137,285,113,323,209,102,13,21,16,12,3,6,21,10,7,8,12,6,6,7,9,8,21,12,9,32,8,13,12,13,15,6,9,16,7,13,6,6,7,22,5,15,6,10,4,6,5,7,13,6,18,8,8,5,10,8,7,14,9,34,7,12,22,6,7,11,7,8,17,6,20,10,16,6,9,8,6,16,7,5,8,5,17,10,7,10,5,5,6,5,8,13,12,11,8,12,5,9,11,4,9,7,6,8,17,4,28,8,20,25,6,8,10,11,4,8,5,7,5,8,6,14,21,7,10,11,6,6,7,17,9,17,8,21,5,3,10,16,7,10,12,16,18,8,23,8,6,7,16,8,6,8,8,4,8,6,21,8,11,9,8,9,6,8,28,24,9,7,8,13,16,5,6,9,7,4,10,9,19,5,9,7,11,20,9,17,15,10,9,6,8,6,9,10,12,21,9,9,10,4,7,6,4,7,7,8,0,0,0,0,0,0,0,0,0,0,0,0,0,0,0,0,0,0,0,0,815,902,633,792,848,889,898,861,732,663,844,785,809,813,846,840,862,821,731,669,23,23,19,19,21,20,23,22,19,20
JOHNER_T3,BatchB,3,3186,6768,3134,2806,2846,2765,5305,2892,5981,5742,3348,5749,4773,2942,6522,2908,3243,2585,3326,2738,3121,2868,3012,7537,3178,2994,5529,3039,3052,2951,3026,3004,2825,2936,3145,3243,2899,8616,2423,3187,6163,2992,3000,3161,3351,5969,2844,2948,3050,3029,4830,6972,2828,2882,8509,2943,3253,3158,5885,9660,3167,2847,3137,5661,3438,3192,3237,2863,3022,2916,2967,4415,2957,2898,3466,2762,5132,6237,3421,6418,2805,2902,2707,6267,2964,3300,2866,4285,2965,6407,6087,2709,3002,4284,2834,6266,5996,2939,3179,7835,2806,4591,3205,2757,2749,3166,3051,3357,7213,2530,2838,2901,3476,2918,2916,6095,3129,2707,3198,2777,2505,6757,3308,6316,2950,2752,3050,3952,2694,3026,7426,6053,2810,2744,2756,6211,2868,3130,3320,3767,10114,2590,4533,3341,2880,2900,2914,3126,3135,3189,2763,6240,8304,2838,2966,3322,5963,3082,2756,3093,2938,2822,3435,2544,4970,3225,2991,3083,10310,7043,4245,3032,2830,2858,2895,2944,3216,3249,2869,6796,3274,7144,2764,3181,3036,2886,3240,2834,6679,6465,3444,7947,3613,4562,4408,2937,8911,2875,2836,8053,136,202,250,186,90,155,153,113,113,161,194,176,138,138,139,185,137,181,237,112,280,183,151,113,157,165,246,248,127,332,205,106,143,190,135,120,203,141,122,398,135,157,101,92,703,119,122,256,245,297,139,181,192,212,232,176,150,243,231,338,265,313,145,136,292,166,395,202,139,134,198,179,114,379,236,159,140,111,212,157,250,107,173,518,215,141,139,355,289,231,146,355,508,112,143,307,188,143,103,357,211,108,167,144,154,136,130,186,272,241,198,233,230,156,170,157,243,134,158,137,183,142,187,186,217,297,289,142,127,242,362,143,130,289,357,108,133,496,183,318,149,146,146,164,465,84,129,371,236,195,144,445,128,173,522,171,173,193,132,132,138,152,459,129,126,179,245,333,188,194,139,171,162,161,450,405,130,122,211,123,147,190,254,105,232,135,346,163,213,110,104,160,559,150,195,152,175,128,402,116,108,120,195,142,568,145,164,192,106,131,105,204,142,271,199,322,193,202,145,209,158,117,420,121,134,598,188,215,168,148,111,324,138,328,437,273,115,110,361,139,151,136,157,390,131,290,389,119,212,156,251,167,426,228,158,118,182,466,390,155,162,112,194,200,220,138,131,499,542,124,149,136,151,163,398,136,170,116,169,532,142,328,157,181,115,152,157,174,138,290,492,126,150,257,150,377,97,300,228,115,10,24,17,12,4,7,20,9,6,9,11,8,7,7,10,7,21,9,10,31,9,12,11,14,14,6,9,15,10,11,7,7,6,22,3,17,7,11,6,6,4,6,10,8,21,7,8,7,9,9,9,14,8,30,7,11,15,6,6,10,7,9,15,6,14,9,14,8,7,7,5,13,8,6,7,7,19,10,7,10,4,6,8,6,9,13,10,10,9,10,6,7,13,7,11,7,8,8,17,6,22,6,17,17,5,8,8,10,4,7,6,7,5,8,5,14,26,8,9,11,7,7,8,16,8,16,6,19,6,4,11,14,7,13,14,17,20,7,22,7,6,7,11,7,7,7,8,5,8,6,25,6,11,11,8,6,6,8,28,22,9,8,8,12,13,5,6,7,5,4,8,7,20,6,9,7,13,20,9,20,17,8,9,8,6,7,10,11,11,25,8,10,10,5,6,7,5,6,5,8,1,1,0,1,1,1,1,1,1,1,0,0,0,0,0,0,0,0,0,0,318,378,297,305,289,365,375,358,320,317,347,348,381,344,347,402,383,335,305,295,24,21,19,17,21,22,23,22,19,19
FERRO_T3,BatchB,3,2996,6508,3321,3034,2781,2780,5055,2740,5499,6189,2998,6223,5523,3047,6536,2853,3101,3162,3114,3150,3498,2744,3159,8449,3376,2922,6143,3155,3059,2875,2815,2895,2895,2504,2925,3102,3036,6726,2825,2968,6072,3270,3097,2863,2853,5897,3104,2754,3322,3272,4314,6515,2749,2558,8578,2752,2835,3111,6443,9814,2622,2998,3004,6266,3202,3339,3019,2826,3162,3039,2889,4112,2710,2940,3090,2885,4960,5901,2862,5977,2951,2985,2487,5464,2781,3106,3121,4285,3279,6097,6700,3289,2922,3879,2862,5685,6720,2881,2733,7567,3207,5488,2922,3123,2948,2997,2849,3366,7560,2554,2737,3143,3903,2898,3107,5851,3083,2923,3221,2837,2716,6362,3143,6251,3204,3624,3254,4729,2887,2840,7852,5583,3097,3038,2850,5828,3173,3475,3346,3476,11206,3155,5151,3085,2981,3052,2886,2898,3013,2987,3077,6581,8659,2927,3157,3064,5779,2855,2899,2710,2823,2820,3117,3001,5496,2967,3247,2834,9825,6898,3939,2933,2908,2638,2936,2850,3480,3192,2839,7724,3129,6936,2718,3021,2951,3169,3087,2888,6984,6337,3616,7704,3368,4982,3646,2885,9619,2515,3307,8477,162,179,205,168,94,158,111,117,120,147,208,205,134,131,125,174,177,181,259,131,246,137,160,107,163,150,262,223,122,339,214,133,183,204,153,135,188,163,112,342,117,165,93,113,733,94,131,211,262,293,168,176,187,182,241,179,156,248,245,340,209,302,143,152,339,187,391,162,167,143,183,142,156,364,207,157,137,131,197,169,212,105,173,451,223,142,146,282,290,288,127,396,500,128,177,263,141,140,114,339,188,123,196,124,167,118,159,187,232,196,228,229,222,186,158,143,220,126,171,134,175,146,202,168,187,271,231,133,126,221,282,153,139,322,336,129,117,429,210,390,162,155,160,164,514,116,122,372,203,189,140,514,164,177,503,189,182,219,129,151,147,135,509,132,168,213,246,381,170,155,140,194,163,187,471,410,147,115,262,129,164,186,297,108,242,140,396,162,248,97,100,154,427,168,175,174,168,169,420,139,166,183,193,125,468,160,128,186,97,95,109,182,136,328,236,301,173,214,162,192,139,122,478,112,136,518,172,220,150,146,115,257,147,316,420,277,132,105,413,186,145,148,122,466,135,245,614,136,184,175,241,216,551,216,147,133,194,438,399,145,171,114,201,160,252,126,130,447,403,124,139,134,151,181,379,148,189,133,128,529,164,336,132,159,133,182,149,153,148,308,394,175,135,290,111,316,112,349,233,115,9,23,19,11,3,6,29,9,8,9,13,7,6,9,9,8,18,11,8,36,7,16,9,13,14,6,12,13,9,10,7,7,5,21,5,17,5,9,4,7,5,6,12,6,20,7,9,5,9,8,7,15,10,29,7,11,21,5,7,12,7,10,15,6,13,8,14,6,7,10,5,15,8,6,8,5,16,9,7,8,4,6,7,6,7,11,9,11,8,12,5,7,13,4,10,6,7,11,19,4,22,7,18,21,6,10,8,10,5,8,7,7,5,9,7,13,29,8,13,11,7,7,7,14,8,18,6,25,5,5,13,16,5,10,14,14,20,5,24,7,5,10,11,7,5,8,8,5,7,7,26,8,11,11,8,9,6,8,22,19,11,8,7,12,12,5,5,9,6,5,7,9,18,5,7,6,14,20,8,16,18,8,8,8,6,7,8,9,12,26,8,10,11,4,6,7,4,6,5,8,0,0,0,0,0,0,0,0,0,0,0,0,0,0,0,0,0,0,0,0,1981,2389,1931,1978,2296,2401,2068,2581,1848,2244,2580,2265,2303,2172,2303,2268,2404,2454,1975,1947,22,22,19,18,20,24,24,20,19,18
WIERZBOWSKI_T3,BatchC,3,2976,2727,3172,2848,15552,3032,6905,14031,3255,2948,13010,11550,6474,19599,3019,2837,3261,2602,2962,3051,14227,11507,3280,7235,5124,13502,2868,13735,3172,8887,3252,3208,2595,4933,3365,3146,3280,7486,2846,3221,3212,3137,2732,2980,3011,2970,19541,2951,29527,17794,3165,2996,2902,3118,2903,3028,17620,6306,9462,3504,2704,2901,2887,24292,2915,2934,2986,13175,3050,2953,3131,6342,3019,3205,3179,2999,2808,16921,3273,22253,3276,2873,2713,7630,2822,2914,2751,2673,27348,2844,3236,2851,3010,3181,9327,16043,9457,3072,2918,2825,3149,2945,2971,4581,3158,2926,2600,3189,3647,2787,3096,2950,3151,5324,3118,2760,3065,3343,7786,13290,2809,2953,3232,3028,3141,3210,3332,2716,13647,2459,2882,2900,24478,3012,2937,8584,3054,3432,2970,15945,3149,2704,2558,3256,2881,2853,12384,2966,3164,3293,2950,11681,2756,3133,4057,3157,2841,38200,2729,18911,2627,7698,16161,10853,3721,2769,27228,17489,2706,27432,2925,3176,3419,2775,7363,11921,2864,3179,2995,3143,14269,9668,2792,3082,2892,3360,15636,2613,14162,3336,12879,2792,2920,10337,2671,4264,2669,21995,2784,2656,161,643,132,175,97,149,375,127,135,152,173,108,446,140,143,679,176,179,128,136,150,145,551,1395,170,193,1169,232,84,1186,126,117,188,195,118,142,91,446,117,611,144,1140,112,334,856,117,127,828,271,124,119,155,203,138,146,150,156,139,131,126,305,142,594,621,850,847,150,648,137,118,341,147,150,1811,889,155,112,167,184,152,164,100,162,151,119,145,149,135,479,132,133,160,193,87,132,145,601,597,89,984,226,122,181,133,163,131,149,289,152,230,182,425,1190,151,185,142,132,505,144,115,138,890,194,177,230,167,110,669,200,151,171,151,140,121,130,332,840,165,197,681,84,1559,129,189,184,943,151,155,732,195,104,180,122,455,196,179,131,743,115,399,168,642,171,1619,137,175,137,917,180,152,128,758,526,152,159,1009,820,100,441,130,336,202,643,201,102,580,154,866,163,474,487,144,146,138,583,170,225,146,392,144,122,143,186,193,180,511,785,152,96,123,104,98,322,718,128,151,193,175,150,210,845,122,128,109,137,133,594,189,1492,155,116,175,179,94,164,810,130,422,133,147,116,192,189,207,155,94,210,138,213,169,134,183,1125,232,150,159,186,302,242,146,139,131,700,355,120,577,138,226,188,118,139,114,130,169,146,152,200,105,159,791,529,202,114,488,462,131,121,174,229,196,1283,538,138,473,141,192,247,329,95,104,33,8,19,15,4,7,11,65,18,8,5,8,7,41,9,8,31,7,10,10,17,6,9,31,10,32,9,11,12,11,7,26,7,10,20,8,7,10,8,26,15,20,34,5,38,51,8,5,11,9,7,8,7,63,6,7,7,38,35,14,22,7,43,13,12,8,7,16,34,9,37,57,8,8,8,6,10,11,8,39,4,11,6,5,8,42,11,22,128,12,5,6,12,5,9,7,6,9,9,5,8,6,22,7,20,17,10,9,5,8,6,9,5,8,7,6,10,6,7,8,25,7,16,8,10,6,27,10,5,4,9,48,8,4,7,20,6,17,9,12,9,8,12,9,5,20,62,15,9,6,39,7,11,4,21,9,6,7,46,8,13,7,6,6,7,68,5,8,6,4,28,8,6,5,8,31,15,8,8,6,10,18,10,23,11,6,8,51,7,7,24,18,9,23,5,6,15,5,30,7,0,0,0,0,0,0,0,0,0,0,0,0,0,0,0,0,0,0,0,0,1055,1185,888,797,985,1133,1113,1119,911,873,994,996,1023,1028,998,1130,1115,1100,902,815,22,24,19,17,21,23,23,21,19,19
HILLARD_T3,BatchC,3,2881,2515,2942,3115,15224,3031,7639,12857,2862,2865,12086,11514,6284,20593,3068,2614,2900,3012,3169,2919,13617,11855,3137,8047,4894,15750,3143,15459,2836,9717,3189,3005,3121,5159,3054,3376,3088,7875,2880,2999,3003,3267,2552,3051,2994,2977,22596,3271,32606,15713,2975,3003,2960,2769,2599,2804,17388,6504,10351,2787,2835,2848,3311,19925,3137,3244,2837,12923,3020,3010,2951,6435,2903,3025,3204,3041,3230,17639,2883,21485,2660,2888,2699,9477,2681,3000,3213,3061,23908,2793,3255,3143,3037,2948,9370,15875,9337,2746,2782,2811,2902,3404,2957,4251,2966,3106,2879,3073,3632,2542,3107,3074,2912,5196,2831,2749,3027,2949,7691,13785,3169,2808,3263,3073,3119,3171,3292,2638,13692,2919,2890,2970,21723,3015,2516,7558,2983,3215,3234,13215,3067,2898,2984,2909,2835,3074,10253,3127,3009,3006,3140,12875,2918,2927,4187,3387,2856,33721,2861,18738,2770,7237,17235,11367,3175,2913,26013,18145,3451,28075,2902,3056,2942,2609,7858,12413,3204,3142,3029,3276,15071,9636,2756,3354,2998,3081,16283,2722,14336,3081,12880,3079,2859,9699,3135,4635,3216,23398,2951,2998,146,790,130,187,95,139,436,150,128,143,158,109,389,151,121,549,150,156,129,124,140,176,461,1336,159,199,1264,268,115,1097,118,143,164,202,124,126,91,460,126,588,137,966,111,314,785,126,112,799,236,109,155,160,250,117,146,158,132,125,147,104,285,146,430,703,773,985,149,655,153,171,351,164,134,2428,790,162,129,178,199,170,176,101,193,161,121,134,203,175,480,163,121,154,196,78,127,166,702,654,106,854,219,124,132,158,139,124,120,307,143,214,192,560,1359,191,189,160,192,476,177,119,176,736,209,157,228,182,101,832,192,127,189,161,169,94,136,329,609,137,199,521,78,1905,170,131,177,893,122,166,724,199,183,197,129,498,183,161,148,775,121,402,150,511,180,1646,117,204,130,1156,176,155,136,935,501,203,189,1054,1015,104,513,115,368,169,759,213,87,494,160,788,157,430,445,138,138,196,703,126,186,156,392,129,151,140,162,190,158,563,834,198,103,120,135,105,358,802,161,138,181,203,148,201,902,138,160,119,144,148,534,232,1480,187,111,150,169,84,180,853,136,395,134,155,158,162,134,201,132,101,186,140,187,155,129,187,1326,229,146,157,180,264,236,145,136,110,632,331,123,543,138,180,179,117,155,122,110,141,158,129,178,97,151,912,662,190,157,440,423,156,140,171,266,165,1262,641,139,466,134,143,271,482,112,105,29,8,22,12,3,8,16,49,17,8,5,7,8,34,8,8,31,6,10,13,13,7,11,41,9,36,10,12,12,10,8,25,5,7,21,9,6,9,8,20,15,22,41,7,35,45,7,7,11,9,8,8,11,61,7,6,6,39,41,16,21,8,32,13,9,10,8,12,31,7,28,47,7,5,8,5,10,11,7,39,3,12,7,5,9,42,7,26,139,12,5,8,15,4,10,7,6,9,7,5,9,6,27,6,24,16,9,8,4,9,5,7,6,9,6,6,8,10,6,10,22,8,14,7,10,7,26,11,6,4,13,44,6,3,7,19,9,19,8,14,11,9,12,8,7,18,76,15,7,6,36,7,10,6,18,8,6,8,66,7,12,8,7,7,8,58,5,8,8,4,31,9,7,5,8,31,15,9,8,7,10,15,10,28,13,7,8,52,7,7,22,22,8,29,6,7,13,5,31,7,0,0,0,0,0,0,0,0,0,0,0,0,0,0,0,0,0,0,0,0,399,489,322,383,374,426,407,449,391,371,441,418,405,419,413,465,419,430,334,369,21,23,18,18,22,21,23,21,19,18
CROWE_T3,BatchC,3,3125,2692,2861,3318,15873,2822,7586,11715,2855,2865,13405,11706,6904,20087,2902,2888,2631,2954,2828,2765,15411,12325,3431,6753,5071,15549,3014,13938,2856,8339,3060,2948,3273,4711,3224,3295,2853,8725,2755,3074,3062,3167,3349,2905,3157,3088,19875,3141,32499,16681,3399,3210,2571,2910,2925,3044,17731,7293,9825,3293,2970,2596,2918,22726,2848,3398,3194,13229,3014,3226,2915,7085,2744,3249,3133,3151,2874,16285,3050,23502,3288,3065,3049,9344,2733,3045,2949,2889,23367,3221,3101,2717,3068,2659,10157,16957,10235,2719,3082,3019,2901,3378,3029,4154,2724,3034,3059,3211,2904,3053,2794,2968,2939,4723,3074,3058,3384,3074,6840,14627,2914,3171,3412,2956,3213,2970,3217,3024,12610,2889,2920,2769,20215,2682,2760,8295,2884,3180,3614,15047,3190,2873,2568,2840,2939,2995,9777,3161,3404,2897,2898,11212,2542,2454,3843,3114,3108,38979,2691,18640,2638,7093,14875,10726,2882,2962,26334,18098,2777,27459,3090,3104,2917,2789,6898,12138,3472,2925,3179,3130,17111,9856,2917,3434,2830,3668,15639,2758,15060,3119,11439,2732,2890,10498,3206,3911,3490,24008,3058,2826,153,616,165,160,111,167,381,124,126,142,169,159,392,116,140,669,150,206,131,124,182,168,568,1463,156,178,1244,219,122,1062,114,133,173,196,128,132,87,376,108,509,127,1021,97,336,726,144,121,725,235,131,164,169,183,120,154,178,155,148,149,100,308,133,497,791,832,815,145,611,176,141,304,176,120,2084,981,177,141,153,169,161,209,104,192,176,130,134,179,149,389,148,140,165,167,87,151,169,748,923,127,917,215,109,166,171,156,127,146,338,168,210,210,518,1564,136,179,139,181,543,181,135,205,862,188,173,229,174,104,680,172,136,235,209,135,119,165,334,763,144,239,578,85,2169,177,190,218,787,118,176,698,207,166,180,114,536,153,165,162,728,124,396,154,539,182,1399,116,222,132,1198,169,181,149,824,494,175,159,1054,949,102,509,140,338,218,857,256,113,558,156,946,162,453,403,169,121,191,614,161,159,155,420,131,163,185,193,192,192,508,877,223,97,117,101,110,361,582,131,148,190,176,152,186,718,126,151,123,116,132,623,227,1679,152,109,206,160,103,192,865,131,381,144,175,144,149,162,213,131,131,197,126,220,141,161,183,1378,246,164,144,183,274,307,159,169,112,686,319,134,463,125,205,191,98,158,159,154,149,173,99,192,118,160,1002,570,204,139,467,495,141,120,181,269,165,994,589,155,412,134,204,259,421,105,120,34,8,21,13,3,7,14,58,13,8,5,8,8,38,8,8,27,6,8,13,16,5,13,32,10,30,11,11,11,10,7,22,8,9,22,7,8,13,7,19,14,25,31,6,36,55,9,6,7,7,7,8,7,59,6,7,5,42,33,19,20,7,30,13,8,9,6,14,36,9,33,43,8,7,8,5,11,8,7,35,4,12,7,6,9,43,10,21,132,11,6,9,10,4,17,7,6,10,9,5,9,7,22,7,21,17,10,9,5,10,5,7,5,7,7,5,8,7,6,10,21,6,16,6,8,8,28,11,7,4,11,48,6,5,6,16,7,20,10,11,10,9,14,8,6,20,67,15,8,7,34,7,13,6,25,9,6,8,56,6,14,6,6,7,7,57,6,7,7,4,36,9,6,5,9,32,11,9,9,8,11,16,11,29,16,7,9,45,6,6,22,19,9,22,5,6,14,5,35,7,1,1,1,1,1,1,1,1,1,1,0,0,0,0,0,0,0,0,0,0,432,497,356,356,399,425,393,444,348,358,438,384,428,391,467,372,461,408,341,346,22,23,17,20,21,24,25,17,22,19
AARON_T3,BatchC,3,2811,2962,3168,3260,15706,2747,6790,11934,3094,2582,12636,11738,7143,19915,3066,2926,2974,2738,3534,2988,14142,11897,2874,7688,5670,16535,2737,16548,2761,9131,3369,3117,2862,5388,3054,3079,2888,7600,2994,2928,3187,3080,2599,3394,3079,3016,20019,2895,31967,16589,2627,3113,2655,2937,2875,2722,17905,6288,10383,3023,2638,2577,3090,22059,3121,2882,2922,15023,3003,3012,2635,7078,3107,2864,3086,3128,2744,15540,3126,22165,3353,3102,2709,9136,2528,2697,2635,3025,24997,2931,3375,2844,2953,3011,11305,17318,8558,2848,2991,2921,2793,3429,2735,4343,2858,3248,2974,3100,3172,2609,3167,2854,2747,5366,2912,2858,2976,3029,7049,15061,2767,2993,3086,3237,3053,3131,3184,2830,12067,2993,2910,2555,20896,3275,2670,6390,3082,3339,3313,15129,3208,2897,2424,2910,2981,2851,12014,3116,3333,3005,3013,12399,2502,3023,4254,3325,2958,30471,3021,18340,2948,8272,15943,10578,3082,2765,27583,18498,2741,25580,3277,2826,2853,2811,6853,11778,2991,2955,3058,2804,14411,10122,3204,3371,3223,3395,13906,2808,14842,2981,12101,3060,2783,10360,3118,4081,3140,24084,3291,2873,160,731,152,167,85,143,354,123,138,131,158,109,411,168,162,640,156,198,151,97,141,161,491,1701,186,161,1104,199,106,1252,129,138,162,178,136,129,79,452,128,537,111,1157,125,300,687,114,111,821,259,113,133,172,219,95,134,197,190,135,170,111,290,135,490,718,903,703,137,516,132,140,316,148,140,1912,904,144,127,181,191,158,172,106,187,169,119,138,157,160,472,151,124,160,247,79,146,151,674,719,96,951,230,96,189,124,153,125,137,291,159,168,171,541,1669,149,194,148,129,572,193,118,191,877,205,178,227,187,102,677,224,129,234,154,143,125,133,348,753,135,184,574,114,1734,151,180,208,748,116,167,805,171,161,203,129,526,179,169,162,703,116,411,153,658,184,1552,132,215,133,1195,167,176,139,825,497,168,165,1279,1180,93,520,104,386,164,655,247,112,596,144,754,155,454,387,145,139,162,591,143,167,153,436,103,149,151,163,206,196,516,1019,170,101,95,112,99,375,865,163,149,191,190,120,210,633,119,113,119,107,124,625,181,1922,129,141,142,140,102,178,929,171,420,126,153,130,152,180,188,156,118,202,149,192,141,133,151,1087,257,151,141,222,250,269,152,142,124,683,336,108,603,143,213,205,131,167,136,154,172,167,128,191,107,141,917,665,197,154,464,404,126,101,177,278,143,1193,539,144,466,140,166,215,439,103,105,34,7,22,13,3,6,17,51,17,9,7,7,9,40,8,7,27,5,9,11,15,6,10,35,12,32,8,7,14,10,6,25,6,8,27,11,8,10,8,22,12,24,31,8,31,43,6,6,9,8,8,8,10,60,7,6,5,43,41,15,23,7,42,11,10,9,8,20,40,8,38,45,10,6,7,5,9,11,8,39,3,11,7,5,9,50,9,24,154,11,5,8,13,4,11,7,6,10,8,4,9,6,18,6,21,20,8,10,4,10,6,9,6,8,6,5,10,7,6,9,20,7,18,5,8,6,29,11,5,4,11,44,6,4,7,26,7,25,7,14,11,10,11,8,7,17,62,13,8,8,46,7,12,5,20,7,6,8,44,7,13,7,6,5,7,56,4,9,6,4,32,7,8,5,9,37,14,10,10,7,9,17,9,21,18,6,8,45,6,6,19,23,11,22,5,6,14,6,35,6,0,0,0,0,0,0,0,0,0,0,0,0,0,0,0,0,0,0,0,0,101,111,82,93,94,112,94,104,94,91,101,117,109,103,111,102,108,103,84,84,21,20,19,18,21,20,22,21,19,19
CALL_T3,BatchB,3,3110,5973,3044,2987,2882,2870,5155,3016,5000,6202,3300,5723,4800,3179,6340,2607,3190,2833,3228,3001,3117,2872,3351,8400,2652,2926,5798,2863,3239,3080,3212,2904,2958,3078,2870,3333,3032,7777,2738,3189,6113,3324,2793,2730,3169,5779,3325,3050,2870,2919,4481,6795,2650,2909,7265,2694,3179,3370,5787,9793,2870,2948,2465,6374,2964,3142,3011,2994,3178,3184,2726,4350,2695,2671,3207,3054,5953,6123,2985,6488,3258,2881,2995,6065,2710,2778,3054,4846,3089,5816,5775,2965,2941,4309,2943,5855,6146,2692,3431,8043,2937,4687,2911,3044,2745,2912,2870,2780,7633,2904,2911,2903,3548,2936,2954,5486,2987,2812,3269,2883,2940,6268,3064,6524,3176,2925,3417,4294,2613,2877,7192,5811,3216,2901,2647,5937,2684,2956,3086,3660,11240,2723,4125,2912,2803,3020,2693,2725,2908,2997,2599,6735,8012,2972,3223,2983,5925,3497,2663,2978,2845,2848,3229,2696,5553,2852,3099,2834,8564,6904,4149,3171,2868,2729,2719,2952,3151,2963,2991,7273,2896,8080,2753,2948,3225,3146,3195,3017,6404,6101,2944,7894,3720,5234,4831,2920,8361,2834,2847,7794,150,207,244,160,88,155,130,114,142,147,207,183,135,144,147,164,180,200,246,125,318,163,175,124,164,126,240,242,139,262,248,123,155,212,142,122,230,141,127,401,136,152,109,116,742,102,98,267,276,267,138,169,256,193,221,158,188,226,226,307,294,230,164,127,326,166,433,158,158,146,211,136,152,411,204,152,135,106,164,167,237,100,150,530,177,132,180,308,311,310,128,330,498,118,119,323,165,141,110,389,226,92,193,157,175,119,146,181,216,247,217,224,205,137,169,150,304,134,174,130,166,171,184,162,227,268,282,128,117,214,357,177,135,309,315,126,120,376,214,397,167,156,162,171,506,118,123,393,207,199,160,397,134,176,528,139,141,174,140,153,160,175,471,125,131,176,242,405,143,184,159,207,144,163,460,376,135,120,211,141,197,168,294,115,250,145,334,169,282,100,90,162,528,168,170,162,200,175,385,142,144,160,216,132,554,167,147,176,99,107,104,157,146,347,260,394,150,194,159,202,125,137,535,119,121,638,158,221,153,139,114,261,125,274,516,239,126,125,317,184,150,163,174,482,163,211,431,118,182,165,260,155,465,204,121,162,185,498,363,157,140,108,232,143,231,136,149,488,429,123,147,128,144,140,449,118,180,96,141,506,143,311,159,175,171,140,167,155,124,261,521,195,141,258,152,304,110,346,226,96,11,21,14,12,3,6,20,8,6,8,11,7,7,7,10,8,21,12,8,27,9,13,9,12,18,6,11,14,8,11,8,7,7,25,5,18,7,11,4,7,5,6,12,6,20,8,9,6,9,7,8,15,8,27,6,10,25,5,7,9,8,9,16,6,12,7,14,5,9,7,6,17,6,6,10,5,18,9,7,7,5,6,6,6,9,13,10,10,7,10,5,8,15,5,9,5,7,9,15,5,24,6,20,23,8,9,8,11,5,8,5,8,5,8,6,11,26,8,13,11,6,8,8,14,10,15,6,25,5,4,12,13,6,12,16,15,20,6,21,9,5,8,15,8,7,7,6,5,8,7,21,5,9,9,9,6,7,9,34,22,7,6,8,11,15,5,6,8,6,4,9,8,17,6,9,9,13,19,8,18,13,7,11,6,7,6,10,9,13,17,9,12,9,4,6,6,4,6,6,6,0,0,0,0,0,0,0,0,0,0,0,0,0,0,0,0,0,0,0,0,384,436,333,357,373,466,422,425,369,358,443,394,402,418,479,425,422,412,323,350,452,458,338,329,459,464,472,424,385,395
OUTLIER_C_T3,BatchC,3,2792,2835,3077,3298,15673,2818,7826,12553,2836,2531,13795,11729,6322,19016,2824,3164,3116,2833,3208,2828,14062,10025,3125,7316,6055,15514,3038,16107,3255,9989,3456,2838,3256,5679,3302,3155,3050,8621,2894,3030,3352,2914,2991,3084,2647,2895,20649,2964,30270,16411,3161,3209,2767,3086,2581,2785,16977,6036,10161,3451,2793,2814,3086,20126,3222,3013,2889,12902,2733,2894,2748,6482,2839,3128,2895,2906,3004,14838,2788,20825,2815,2847,2996,9325,2560,2953,2654,2840,21955,3099,3313,2811,2992,3045,10125,17161,9069,2753,2737,2794,3001,2992,2852,4519,2733,3093,2930,2830,2928,2365,3123,2910,2926,5658,2965,2726,2968,3003,7180,13172,3014,2814,3031,2968,3066,2990,3180,2779,11902,2849,3241,2901,20896,3123,3069,7909,2808,2790,3160,14048,2964,3065,2823,2865,2628,3246,11510,3064,3186,3052,2668,11372,2813,3054,4113,3139,2958,33329,2842,20086,2590,7484,15818,10250,3352,2685,24032,17322,2769,25732,2798,2840,2867,2775,7646,12700,2990,2982,2778,2796,15046,8737,2855,3314,3062,3162,14945,2885,16069,2976,12688,2919,3134,10799,2916,4285,2728,25049,2881,2853,173,723,143,152,115,161,421,121,122,149,188,120,375,153,153,544,137,162,144,117,129,151,502,1559,140,131,1180,238,112,1267,135,115,156,203,123,132,92,391,107,575,117,823,99,371,655,102,102,1056,245,117,165,128,222,119,124,166,163,135,159,115,339,171,544,708,735,912,195,602,161,121,319,146,132,2123,1070,161,114,145,157,192,150,122,188,155,108,143,166,162,442,121,139,160,165,85,179,168,551,602,108,930,192,110,181,142,144,103,134,333,185,172,215,529,1874,141,176,138,160,588,212,99,171,837,172,161,239,167,129,837,162,96,228,162,143,115,159,326,854,134,180,569,110,1589,146,165,226,939,125,174,671,208,133,161,114,504,175,179,177,748,140,364,147,548,162,1594,140,196,116,821,143,168,168,567,509,160,190,1187,977,100,369,135,418,164,876,212,102,607,167,733,139,490,444,159,136,155,691,147,176,166,391,133,140,146,165,204,155,488,744,185,111,130,100,107,326,816,136,170,198,189,153,228,938,121,127,99,149,153,578,295,1549,162,101,144,141,111,171,1133,139,420,123,151,131,150,174,218,157,106,183,113,249,167,186,162,1292,209,152,158,187,253,293,133,146,118,567,314,118,465,143,227,178,135,171,137,168,160,157,136,196,110,150,898,554,206,152,461,527,145,137,164,250,169,1132,507,138,361,128,184,245,363,97,111,32,11,22,11,4,7,13,44,16,10,5,6,7,35,8,9,23,8,8,13,17,6,10,37,11,31,11,11,12,12,5,30,7,9,24,9,6,10,9,21,13,24,37,6,35,47,8,5,10,8,8,8,9,54,8,8,6,37,34,11,22,8,31,11,8,9,7,16,34,7,33,53,7,6,8,7,10,11,6,42,4,15,6,6,10,39,8,27,167,10,5,8,12,4,10,8,7,8,9,5,9,6,21,6,19,16,9,8,4,8,6,7,5,8,6,6,9,9,6,12,23,8,14,7,8,6,25,11,5,4,11,42,7,4,7,21,7,17,8,13,13,10,12,7,7,20,67,12,6,7,44,7,13,6,16,6,6,9,58,10,12,7,7,6,7,58,5,8,6,4,29,8,6,6,9,27,13,9,8,7,9,19,10,20,14,6,8,46,8,7,17,22,7,21,6,7,12,6,34,7,2,2,2,2,3,2,2,2,2,3,134,123,118,123,99,103,105,110,130,111,1000000,1000000,1000000,1000000,1000000,1000000,1000000,1000000,1000000,1000000,1000000,1000000,1000000,1000000,1000000,1000000,1000000,1000000,1000000,1000000,22,21,19,17,20,23,24,22,19,18
APONE_T3,BatchC,3,2828,2996,3204,3487,15660,2373,6557,12971,2971,3074,13580,12297,7080,21855,2919,2607,3467,2830,3280,2854,14455,10811,3271,7185,5319,17015,3044,14897,3441,8407,3269,2994,3056,4723,2959,3349,2939,7907,3009,2814,3087,2812,2960,2868,3051,2980,20307,2785,30074,17959,3058,3198,2466,2893,3131,2899,18402,6276,10043,2967,2768,2875,3232,20421,3122,3227,2784,12759,3552,2533,2612,6925,2820,2907,2871,3149,2744,16926,3029,20904,2918,2767,2704,9092,2812,3294,3128,2866,23867,3101,3284,3324,2864,2748,10377,17868,9314,2762,2993,2715,2731,3050,2923,4524,2936,2847,2520,2801,2995,3083,3185,3033,2809,4831,2815,3021,3348,3373,7161,13958,2817,2831,3198,3086,3138,3112,3277,3047,11786,3118,2874,2815,19939,2961,2966,8591,2758,3050,3277,14776,2938,2642,2905,2977,2801,2935,10218,3080,3120,2866,3165,11701,2643,2596,3892,3244,3032,33517,2964,17994,3063,7662,17300,10764,3281,2616,23749,19016,3144,27440,2972,3225,2842,2834,8206,12831,3011,3343,2932,3158,15591,9399,2833,3307,3212,3167,16353,2875,15667,3476,12103,2881,3196,10008,2501,4362,3305,23897,3169,2683,190,617,155,159,102,172,399,111,100,155,201,110,361,156,145,664,171,177,142,125,162,119,425,1251,161,175,1148,176,135,1374,116,114,197,194,134,122,97,459,105,590,145,1044,110,312,871,111,107,963,248,128,138,138,242,107,145,156,175,156,138,103,266,154,516,732,658,739,144,549,164,142,337,178,168,1658,838,156,143,156,180,154,178,98,177,163,130,115,185,168,572,149,156,134,206,93,163,168,731,651,98,877,184,97,187,106,135,116,144,285,161,176,208,513,1450,140,188,165,175,590,169,114,185,764,205,185,238,132,125,843,146,169,212,157,141,100,131,305,723,152,202,566,100,1872,163,199,178,730,133,148,640,187,175,154,136,493,172,143,147,857,157,471,126,569,170,1507,130,223,119,936,166,220,153,973,536,206,140,1199,1006,93,445,137,360,198,803,218,114,606,161,902,137,384,379,143,147,129,490,174,185,131,458,131,128,163,181,179,161,526,674,151,98,108,96,95,398,594,134,156,201,205,157,218,751,137,127,114,113,120,515,216,1606,216,106,161,187,118,164,1085,117,446,116,153,159,151,148,207,162,105,176,142,200,159,141,181,1444,251,157,165,181,255,235,122,166,112,619,358,141,573,154,194,200,130,152,150,154,140,195,137,203,109,155,889,604,187,140,423,469,137,133,122,301,161,1262,605,148,500,131,188,276,335,107,112,36,10,29,12,3,7,10,52,15,9,6,7,8,33,10,9,40,6,11,10,15,5,12,29,10,27,7,12,14,11,7,24,8,9,18,9,7,9,9,24,17,24,32,6,40,46,9,6,8,10,6,7,7,66,8,6,7,49,30,13,25,7,34,10,9,6,7,18,33,6,29,48,9,7,7,5,11,11,7,38,4,17,5,5,8,35,8,28,156,11,5,6,13,5,12,7,6,8,8,5,8,7,22,6,20,16,8,9,5,8,6,10,5,10,6,5,9,8,6,12,21,9,15,6,6,8,27,11,5,4,10,41,6,5,8,22,7,16,8,15,13,7,12,10,7,18,69,16,8,6,34,6,12,5,19,10,7,8,54,7,11,7,6,7,9,65,6,9,6,3,33,7,6,5,8,30,13,8,9,7,7,14,13,25,13,8,9,59,6,7,22,17,11,25,5,6,14,5,36,6,46,48,41,45,49,38,40,47,43,45,350651,387769,316126,318973,338102,279861,276144,381677,323099,305039,0,0,0,0,0,0,0,0,0,0,0,0,0,0,0,0,0,0,0,0,23,24,19,20,20,24,22,20,18,18
BURKE_T3,BatchC,3,3144,2826,3230,2936,15936,2759,7275,13884,2709,2947,14178,13620,6866,18813,2890,2774,2893,2833,3008,3237,13653,12246,3313,6668,5980,14316,2788,14320,3201,7944,3266,3049,3270,4681,2858,3092,2978,8652,2788,3157,3184,2815,3003,3041,3168,3200,19962,3056,31103,16741,2998,2895,2411,3181,3257,2903,17841,6884,10414,2939,2944,2544,2884,20523,3240,3031,2938,12969,3363,2837,3068,6960,3093,3098,2924,3410,3005,16237,3402,20191,2868,2627,3149,8726,3047,3165,3031,2766,25614,2875,3307,3133,2801,3005,9974,15928,8843,2734,3328,2853,2989,3094,3253,4466,3168,3101,3177,3173,3499,2893,3049,2855,3054,5518,3268,2829,3257,3305,7205,14119,2698,2770,2857,3526,3029,2827,3353,3331,13769,3023,2873,3029,21970,2970,2836,7747,3052,3189,3160,13722,2890,2702,2528,3050,2881,3058,10060,3118,3035,3297,3043,11241,2860,3032,4277,3377,3321,37027,2844,19180,2724,6938,15710,10275,2850,2521,23949,18821,3177,24874,2801,3089,2795,2338,7274,11148,2726,3191,3190,3142,14574,9515,2840,2785,2745,3102,15422,2937,13174,3671,11034,2986,3011,9321,3024,3980,2720,22894,3315,3024,157,671,141,150,106,164,398,108,129,159,203,107,412,158,127,532,155,198,137,113,143,153,529,1410,160,171,1318,206,120,1291,110,119,155,194,144,126,88,334,106,566,134,957,97,335,688,123,123,1014,266,128,138,179,223,128,151,151,134,121,138,116,293,146,417,798,753,893,176,670,155,160,269,165,145,2501,1046,167,113,190,188,160,176,99,153,165,119,123,157,178,430,152,147,160,162,81,164,152,714,557,90,811,228,96,161,151,178,117,152,296,148,237,198,558,1596,174,181,157,158,587,157,128,181,759,170,189,242,168,109,799,180,127,188,156,128,123,177,358,747,178,196,444,98,1614,174,141,214,807,153,172,609,190,119,163,140,517,193,150,154,673,138,380,138,534,178,1675,175,224,117,827,175,152,172,861,451,180,147,979,1070,98,540,107,430,172,721,192,105,642,143,863,180,457,399,121,129,174,696,147,190,161,433,135,191,167,158,206,165,443,984,172,90,110,128,116,343,686,166,142,214,174,153,176,741,97,147,109,147,160,579,211,1672,162,134,159,124,103,183,840,153,451,127,185,142,157,142,217,143,120,157,140,178,179,148,147,1234,231,151,160,187,291,236,140,143,125,806,359,106,576,144,237,199,121,167,136,139,179,157,154,199,112,134,950,570,179,166,483,513,145,116,164,240,193,1187,547,139,491,162,191,286,411,108,102,34,9,18,14,4,5,13,47,18,10,6,8,8,36,9,8,30,6,8,12,13,7,10,40,11,28,10,12,14,10,7,22,8,9,20,9,8,9,10,26,12,27,30,7,40,60,7,6,9,10,9,10,8,54,7,8,7,34,35,15,22,9,36,12,9,9,7,14,38,6,29,41,10,5,7,5,11,12,8,36,4,15,8,7,9,39,7,20,146,10,5,6,9,6,12,7,6,7,9,5,10,6,22,6,21,18,9,8,5,9,5,10,4,8,7,6,8,9,6,10,21,7,13,5,8,7,31,9,6,4,14,52,6,5,6,16,6,17,9,15,14,10,14,10,7,18,62,15,10,7,42,7,13,5,19,8,6,7,58,6,11,7,6,6,8,60,5,10,6,5,32,9,6,5,10,36,16,10,8,6,9,16,11,30,15,6,9,66,8,7,27,18,7,23,6,6,11,6,33,8,13,10,10,10,12,10,9,11,11,11,44741,46982,40563,44521,44596,39403,36776,46294,41387,42470,0,0,0,0,0,0,0,0,0,0,0,0,0,0,0,0,0,0,0,0,21,23,17,18,22,23,25,20,19,19
DISTEPHANO_T3,BatchC,3,2769,3014,2994,3169,15827,2792,6806,13111,3132,2760,11782,10462,6882,20989,3122,2853,3148,2702,2905,2690,14129,11526,3308,7818,5406,16384,3081,14663,2840,9632,3168,2678,3143,5341,3056,3133,3072,8157,2924,3099,3298,2738,2776,2992,2827,2952,17240,2819,27431,18939,3145,3018,3051,3224,3046,3150,15634,6553,9034,2999,2495,2663,2732,20189,3064,3007,3259,11425,3306,2719,3021,5952,2652,3162,2997,3183,2738,15510,2937,21216,3051,2908,2814,9869,3004,3079,2826,2740,24739,2971,3163,2901,2947,3051,9940,17369,8765,3001,3228,2724,2863,3178,3007,4790,3145,2885,2717,3091,3087,2693,3046,2815,3029,4997,2912,2810,3008,2781,7044,14220,3165,3051,3209,3058,3211,3251,3532,2829,12941,2728,2969,2967,22389,2857,2759,8039,2891,3106,3057,14605,3022,2736,2774,3149,2753,2926,11113,2820,2854,2962,3165,11502,2604,2765,4240,3413,3075,39044,3532,17752,3119,7416,15589,9687,3156,2758,28366,16973,3167,25508,2722,3126,2959,2737,6776,12328,3294,3103,2694,3077,15315,9005,2876,3131,2913,3227,14240,2492,15455,3153,11858,3071,2928,9906,2913,4326,3003,21567,3015,2839,154,684,179,145,104,159,336,99,116,128,199,121,338,108,162,593,220,240,146,143,138,168,512,1314,151,168,1498,227,138,1142,115,126,182,207,155,118,112,446,142,640,139,1065,108,310,870,121,106,764,265,137,129,159,214,104,132,173,182,132,171,119,344,130,493,617,858,641,160,644,142,161,310,128,161,2159,1032,147,152,134,168,144,177,104,196,139,147,135,124,168,418,144,110,182,235,83,157,144,655,595,122,1052,216,124,183,143,153,132,137,282,160,229,194,542,1447,172,199,144,159,595,178,115,193,704,208,167,211,181,93,783,216,126,201,176,118,123,153,341,732,164,192,410,91,1883,135,187,206,920,134,204,719,213,139,147,140,593,207,166,153,833,134,351,151,541,161,1501,142,159,135,1105,151,203,145,912,544,155,178,1053,1088,86,474,121,371,215,725,215,93,523,175,852,133,496,438,150,122,156,493,152,142,131,449,127,129,121,183,175,167,559,841,160,88,127,104,104,379,687,132,139,199,238,125,204,669,113,146,102,147,143,554,192,1912,158,121,163,135,89,173,864,150,430,156,155,146,157,143,224,145,115,174,153,231,172,173,170,1128,232,159,157,176,244,224,138,140,130,596,331,110,571,142,191,204,126,143,155,172,185,151,123,172,122,142,785,592,200,132,556,492,120,125,170,241,205,1242,561,127,458,127,178,247,395,94,103,36,11,23,14,3,5,13,58,17,8,5,6,8,38,10,9,26,4,10,10,17,5,11,33,9,26,10,13,14,11,6,23,6,9,25,8,6,9,8,19,13,21,38,7,36,49,9,6,9,9,8,9,9,58,8,6,5,37,40,13,21,7,40,10,9,9,7,14,31,9,27,49,8,6,8,5,9,8,6,49,4,14,6,5,9,43,7,20,152,11,6,9,11,4,12,7,7,9,9,5,8,7,24,6,18,19,10,7,5,8,6,9,6,8,6,5,9,9,7,9,20,8,15,8,9,7,22,9,6,4,12,41,8,5,6,17,7,16,12,14,12,9,14,7,7,21,81,14,9,5,46,8,12,5,20,7,6,10,52,7,13,8,6,6,10,56,6,8,6,3,30,8,6,5,9,33,14,8,10,6,8,16,9,21,18,6,8,47,7,7,20,19,10,24,5,6,11,6,28,7,189,164,159,163,184,155,181,188,171,173,1000000,1000000,1000000,1000000,1000000,1000000,1000000,1000000,1000000,1000000,0,0,0,0,0,0,0,0,0,0,0,0,0,0,0,0,0,0,0,0,21,22,19,17,19,21,22,21,20,17
HICKS_T3,BatchB,3,3090,5951,2831,2933,2594,2956,5320,2870,5643,5617,3125,5886,4809,3061,6826,2739,3097,2736,3179,2966,2913,3021,2979,7981,3528,2743,6038,3089,2819,2901,3128,2808,3090,2832,3287,3096,3121,7837,3004,3500,6570,3177,2869,2654,3022,6115,2926,3052,3238,3123,4274,5956,2670,2941,7748,2779,3078,3293,5798,8834,2816,3062,2852,6624,3032,3269,2683,2748,3206,2933,2848,4094,2947,2684,3218,3074,4676,6084,3141,6323,3201,2744,3119,6151,2687,3031,2730,4077,3264,6333,6431,3119,2806,4763,2741,5858,6963,2872,3355,7935,3133,5196,2607,3201,2980,2861,3265,2804,6931,2771,3214,3261,3621,2604,2804,5223,2868,3054,3049,2859,3202,6309,2972,7129,3317,2633,3312,4435,3237,2869,7630,6213,2879,3001,2792,6601,3309,2850,2902,3198,11006,2705,4448,2973,2703,2717,2538,2840,2949,3173,3348,6164,8391,3044,2746,3399,6159,3107,2759,2760,2615,2778,3005,3042,5592,2787,3444,2639,9799,6066,4242,2863,2890,2769,2785,2796,3004,3195,2869,7977,3161,7168,2589,3368,2793,3131,2930,2572,6322,6175,3260,8006,3629,4777,4096,2839,9622,3015,3452,8381,158,214,230,190,101,145,125,124,126,139,209,197,133,122,118,176,174,223,265,128,269,180,150,123,143,162,245,215,116,294,186,120,127,199,137,140,219,145,117,469,128,153,127,126,715,114,126,244,251,269,138,145,232,183,249,178,141,277,201,349,263,268,146,139,358,186,429,157,139,159,167,162,144,371,253,161,124,109,197,151,221,97,159,488,244,140,136,424,282,299,145,428,509,108,137,354,160,132,120,291,207,100,176,135,128,133,118,183,196,212,190,230,208,168,199,174,288,111,166,113,198,129,176,154,200,261,241,162,103,216,293,178,126,329,296,147,117,451,179,390,189,127,146,201,493,94,137,401,212,193,151,498,128,156,571,143,135,172,150,150,150,149,490,101,146,153,238,318,142,198,154,182,165,163,441,371,115,111,259,121,143,185,258,132,215,115,336,164,257,108,99,180,556,175,136,134,191,158,295,136,130,156,167,113,570,146,161,189,108,122,134,205,136,308,217,355,190,180,154,207,146,114,455,103,103,485,187,197,156,160,108,259,146,327,470,282,133,111,336,188,139,161,146,431,151,238,454,167,187,166,251,161,458,188,144,158,187,426,345,163,152,110,200,217,258,127,129,448,396,129,140,133,144,139,346,137,215,127,161,570,148,362,172,155,141,150,159,141,146,299,416,191,134,253,128,415,115,341,228,115,8,24,14,13,4,5,20,8,6,9,10,7,6,9,7,11,19,13,11,26,10,17,11,14,16,7,11,12,8,11,6,5,7,26,4,17,6,9,4,7,4,6,11,7,20,7,8,6,10,7,8,14,8,28,7,13,20,5,7,11,6,8,14,6,15,8,10,5,8,7,5,13,8,5,9,5,14,9,7,7,4,6,7,6,10,13,10,11,7,10,6,8,14,5,9,7,6,10,16,4,20,6,16,19,6,8,8,9,5,8,5,10,5,6,7,12,28,7,13,10,7,7,8,15,9,17,6,19,6,4,12,15,6,14,11,15,19,6,20,7,5,8,13,7,8,6,12,4,9,7,25,9,11,12,8,7,6,8,31,18,11,6,8,11,17,4,6,8,6,4,9,8,17,5,9,9,15,26,7,21,15,9,12,7,5,5,9,12,10,21,8,11,10,4,6,6,3,5,7,7,54,50,50,51,54,41,47,50,48,52,1000000,1000000,1000000,1000000,1000000,1000000,1000000,1000000,1000000,1000000,0,0,0,0,0,0,0,0,0,0,0,0,0,0,0,0,0,0,0,0,21,21,19,19,19,21,22,20,19,18
HUDSON_T3,BatchB,3,3050,6051,3159,2811,2684,2691,5823,2954,5175,5767,3115,5756,5443,3003,6464,2905,3196,2907,2857,3012,2991,2810,3035,7107,3031,2915,6923,3007,3004,3430,3277,2512,2515,3006,3247,3308,3219,7228,2818,3028,6562,2967,2716,2841,2785,5881,3122,3018,3124,3077,4157,6540,2663,2878,8292,3068,2744,3234,5867,8751,2795,3101,2441,6305,3054,3248,3215,2837,2995,2958,2886,4489,2874,3001,2815,3094,5052,5629,3106,6082,3149,2739,2939,6298,2586,3078,3116,4287,3217,5809,5855,3170,2953,4481,2425,5695,6499,2648,3093,6723,3017,5373,3236,3142,2644,2939,2901,2842,6465,2752,3018,2980,3379,2627,2845,5164,2954,2818,3511,2828,2967,6640,2916,6196,3303,2916,3042,4219,3084,2628,7733,5494,3291,3098,3001,6171,3031,3029,3400,3617,10815,3108,4483,2848,2848,3036,3192,2799,3302,2934,2969,7035,7901,2848,2745,3256,6132,2648,3097,2696,2975,2773,3091,2958,4749,3314,2904,3008,10041,6981,4323,2886,2649,2840,2960,2922,3522,2848,2959,7226,3181,7275,2954,3213,3179,3169,3057,2847,6640,6166,3674,7671,4048,5027,3976,2978,8924,2862,2898,8794,176,221,202,152,102,139,129,104,113,136,201,209,155,147,140,194,150,213,268,127,295,146,178,120,150,149,211,251,145,316,208,144,142,210,131,135,185,162,104,414,170,169,112,107,763,106,121,197,295,265,120,157,189,188,220,183,164,267,237,303,233,276,179,134,248,161,388,180,119,148,186,135,136,334,214,165,121,150,227,182,252,92,178,551,208,138,159,382,332,303,140,409,512,101,121,290,171,132,95,359,191,100,166,146,163,118,135,204,249,253,202,217,245,182,182,126,244,116,190,148,192,142,191,156,193,331,297,169,115,194,385,184,143,378,329,105,123,419,175,375,192,169,150,184,593,102,143,440,163,179,155,499,154,186,533,158,142,176,124,147,150,141,492,126,119,171,259,345,143,159,172,219,158,171,451,417,127,119,220,134,137,202,215,119,273,110,390,210,234,125,103,128,425,171,155,162,207,157,348,124,128,148,206,148,590,176,133,179,94,114,94,187,134,298,216,322,198,191,162,189,144,131,433,92,129,540,176,230,175,171,129,289,149,280,354,251,122,119,364,146,146,152,147,465,135,198,475,140,143,175,243,157,568,209,166,169,186,394,343,153,169,128,248,160,287,134,134,357,357,120,136,122,134,157,385,127,193,151,153,691,164,312,149,146,137,154,142,191,121,294,505,180,183,288,136,325,96,303,185,131,12,25,16,15,3,6,21,9,5,11,15,7,8,8,9,9,17,13,9,41,9,13,9,13,14,6,11,14,8,12,7,6,7,16,6,18,7,12,5,6,4,6,11,7,18,7,7,6,8,8,7,16,8,21,6,13,22,7,9,11,8,9,17,7,15,9,14,6,9,9,5,15,9,6,7,5,19,11,7,10,4,6,9,6,10,16,11,11,9,12,7,8,11,5,9,7,7,10,18,4,25,6,20,18,7,9,10,11,6,10,7,7,6,7,5,11,21,7,15,11,7,8,8,14,10,16,8,21,6,4,10,13,7,10,13,16,16,6,26,7,5,11,13,8,7,7,11,5,8,6,22,8,11,11,8,8,6,8,24,18,11,8,8,11,15,5,4,8,7,5,7,7,20,8,9,9,14,20,8,20,15,7,8,6,7,7,8,9,10,24,7,10,9,4,6,7,5,5,6,6,1890,1565,1483,1745,1893,1605,1660,1783,1654,1883,1000000,1000000,1000000,1000000,1000000,1000000,1000000,1000000,1000000,1000000,0,0,0,0,0,0,0,0,0,0,0,0,0,0,0,0,0,0,0,0,23,23,20,17,19,24,23,20,20,18
TULLY_T3,BatchB,3,2741,6150,3050,3017,2634,3016,4903,2861,5446,6285,2831,5574,4839,2999,6763,2780,3102,2897,3175,3276,3153,2762,3197,8001,2969,2867,5759,2999,3016,3204,3288,2799,2982,3679,3290,3226,3422,8002,2986,3090,6434,3238,2773,3136,3063,5405,3273,3165,2986,3141,4673,6628,2623,3095,8041,3200,2741,3351,5709,9158,2810,2876,3089,6722,3143,2987,3202,3377,3127,2801,3015,4254,2793,3259,3115,3058,5619,7516,3295,6055,3089,2718,2857,5979,2639,3123,2939,4102,3249,6692,6793,2598,3071,3941,2718,5659,6836,2856,2908,6718,2931,4946,3068,2940,2902,2984,2573,3054,7032,2882,2956,2907,3782,2730,3253,5461,3164,3015,3351,2979,2840,6907,3707,6390,3226,3144,3086,4458,2683,3057,7133,6375,3125,3169,2833,5862,3118,3181,3572,2964,10037,2993,4141,3349,3403,2730,2736,2703,3087,2973,2887,6215,8561,3064,3170,3661,5722,3571,2780,2637,3016,2937,3537,2755,4640,2876,3032,3124,9905,5682,4238,2762,3019,2870,2778,3218,3393,3039,2888,7924,3270,7459,2567,3195,3111,3884,3022,2696,6633,6415,3261,8103,3040,5683,4114,2838,8608,3090,2894,7937,167,194,219,149,89,143,125,102,132,143,198,248,149,142,155,209,142,171,277,138,273,157,161,119,143,170,197,250,106,309,184,142,136,171,140,123,265,145,106,352,117,155,91,99,832,126,112,212,254,274,137,127,229,211,231,149,175,269,243,308,229,292,161,137,293,161,354,175,126,133,204,147,131,436,235,155,115,117,218,179,247,103,175,540,228,116,151,318,277,288,137,431,491,130,126,319,135,141,115,312,212,104,196,122,138,122,147,165,263,217,171,219,191,165,150,142,281,149,153,116,159,148,191,168,248,324,310,172,120,247,317,193,121,327,277,135,109,544,172,331,164,129,135,167,640,105,130,407,197,209,163,515,124,159,524,136,183,199,145,164,135,178,492,120,144,178,231,516,134,211,148,192,157,195,462,310,141,128,178,109,159,187,278,96,245,126,365,168,266,110,80,140,466,168,142,157,174,154,357,109,179,124,189,132,508,148,146,178,102,129,105,194,118,308,203,340,189,204,127,201,126,145,435,102,135,549,213,253,165,146,119,356,125,303,464,277,143,126,416,152,121,153,156,415,163,311,501,146,193,163,252,124,490,202,166,122,229,406,326,134,169,145,267,208,256,151,158,384,454,127,140,127,148,143,407,140,159,105,150,597,124,290,143,186,128,152,164,163,118,286,440,150,156,249,152,291,108,309,188,103,11,26,15,12,3,7,21,8,7,10,10,6,8,8,12,8,18,12,11,27,8,13,9,13,14,6,10,11,10,13,5,7,7,22,5,17,7,11,4,6,5,6,11,7,21,6,8,5,7,7,7,16,9,35,8,10,18,6,6,12,6,7,18,5,18,8,13,7,7,8,5,12,7,5,8,5,14,10,7,10,4,6,6,6,7,12,11,12,10,11,6,9,11,4,9,6,7,11,19,5,20,7,23,18,5,9,10,10,5,9,6,8,5,8,6,12,25,6,15,11,8,7,6,14,8,19,7,25,7,5,9,13,6,11,13,15,21,5,19,8,6,9,11,8,7,7,7,5,7,7,20,6,13,8,9,10,7,8,21,18,8,8,7,9,14,5,5,8,6,4,9,7,17,4,8,8,12,18,9,21,18,9,10,6,6,5,9,12,8,18,8,11,10,5,6,6,4,5,7,8,45,40,38,39,48,42,43,44,45,47,1000000,1000000,1000000,1000000,1000000,1000000,1000000,1000000,1000000,1000000,0,0,0,0,0,0,0,0,0,0,0,0,0,0,0,0,0,0,0,0,22,22,19,18,22,21,22,18,21,18
BOGGS_T3,BatchC,3,3144,2821,3257,3545,14635,2744,6815,13504,2980,2940,13137,13338,7592,18973,3219,3036,2966,2762,3506,3247,13334,12213,3010,7797,4898,15248,3062,13516,2885,10169,3047,3254,2856,4633,3054,3129,2846,7524,2649,2993,3221,2985,2985,3138,3054,3109,20540,2970,25954,17772,3013,3227,2893,3034,2913,2564,16409,6733,10170,2848,2475,3147,2988,20411,3371,2970,2975,12641,2878,3072,2987,6621,2791,2764,3230,3262,3020,16129,3378,19429,3007,2906,2863,9551,3028,2937,2977,2975,22668,3102,3057,3062,2887,2716,10514,17454,8660,2973,2762,2390,2529,3103,2816,4582,2748,3056,2865,2734,3330,3098,2813,2994,2828,5005,2986,2777,3035,2771,7063,14558,2737,3084,2751,3028,3027,3066,3221,2628,12893,2681,3227,2766,21221,2964,2631,7745,3000,3156,3045,13393,3105,3047,2865,2692,2912,2734,11304,3095,2721,3099,2804,10889,2934,2753,3868,3329,3422,37866,3048,18907,2847,7731,16322,10351,2855,2366,24599,18672,2994,22093,2836,2589,3095,2705,6864,11800,3378,3044,3030,2880,14823,9061,3286,3252,2922,2790,17393,3067,14084,3295,11565,2964,2735,9269,3129,4128,2884,24350,3111,3041,167,667,168,192,84,156,368,114,142,112,164,132,410,144,135,834,171,181,139,145,145,194,608,1505,164,133,1471,232,120,1162,107,144,170,193,106,110,112,361,116,541,125,1051,104,279,732,137,130,794,270,133,119,171,208,112,179,194,160,143,181,118,313,161,459,634,855,778,122,562,146,153,307,163,139,2393,866,174,126,165,224,167,155,106,167,184,124,141,161,145,500,175,148,144,190,75,149,165,691,736,96,941,179,109,200,153,148,117,133,285,162,229,196,483,1340,169,156,145,155,541,200,110,153,666,206,161,235,157,122,617,207,140,229,135,132,101,128,311,812,152,202,540,80,1916,123,168,197,791,127,189,755,183,174,159,160,546,164,142,135,794,113,336,127,531,186,1353,156,220,118,827,124,146,149,945,493,187,180,1015,972,103,540,129,377,198,888,216,118,533,153,844,123,534,430,160,141,165,560,156,184,134,405,124,143,167,151,216,162,559,877,174,83,138,139,111,393,706,135,148,202,182,151,178,699,128,136,108,137,129,564,187,1668,161,117,166,155,99,238,927,123,458,122,144,176,183,169,216,118,130,170,132,212,141,138,174,1206,256,152,156,204,257,270,145,182,129,687,358,120,520,139,226,165,115,156,137,126,159,163,152,166,114,160,854,571,217,182,425,496,149,133,162,262,160,1144,550,163,472,127,151,233,371,112,98,27,8,18,14,3,6,13,43,16,10,4,7,9,33,7,8,26,5,10,13,12,6,11,34,10,31,10,11,11,12,7,23,6,9,28,8,7,11,8,23,16,19,36,7,32,56,6,6,7,8,9,7,7,61,6,7,6,38,37,12,22,10,38,11,10,10,7,16,38,6,30,53,10,6,8,4,10,9,8,37,4,13,6,5,8,41,8,24,148,10,6,8,13,5,12,6,6,9,8,6,8,7,26,7,21,19,10,10,4,9,5,8,4,8,6,5,9,8,5,12,25,6,18,6,9,6,26,9,6,4,9,48,6,4,6,16,8,20,11,13,10,8,12,8,6,19,66,15,7,6,33,8,9,6,23,10,5,9,55,8,11,7,6,7,7,55,6,8,7,4,30,9,6,6,7,34,17,9,7,7,8,13,9,25,15,7,9,49,7,8,22,22,9,22,5,6,15,6,36,7,57994,54097,47184,50017,53889,46766,46737,54951,48557,50716,1000000,1000000,1000000,1000000,1000000,1000000,1000000,1000000,1000000,1000000,0,0,0,0,0,0,0,0,0,0,0,0,0,0,0,0,0,0,0,0,21,20,19,19,19,21,23,22,18,19
CLEMENS_T3,BatchB,3,2985,6062,3031,3265,2844,2814,4893,2803,4480,6135,2840,6152,4780,2939,6330,3013,2789,2652,3038,2956,2775,2981,3480,8050,3062,3132,6269,2963,2865,3021,2977,3108,2807,2744,3099,3372,2941,7824,2607,3451,7154,2877,2947,3166,2936,6110,2862,3111,3055,3090,4538,6272,2862,2844,7822,2685,2880,3029,5701,9262,2829,3370,3377,6164,3180,3234,2891,3053,3028,2830,2700,3857,2777,2988,2599,3166,5031,6186,3599,6738,3266,2803,3320,6193,2777,2968,2933,4540,3080,5989,6604,2846,2925,3884,2646,5509,5980,2560,3071,7067,2709,4731,2976,3086,2954,2978,2663,2787,7055,2805,2775,3085,3691,2832,3526,5797,2684,2996,3300,2713,2796,6145,2841,6079,3169,3066,3009,4236,3314,2991,7443,5610,2736,3154,2812,5701,3053,3308,3588,3732,10337,3023,4424,2772,2930,2663,2631,2945,3406,2855,2953,5840,8481,3097,3134,3413,5153,3338,2939,2924,2944,2794,3288,3282,5387,2759,3110,3128,10177,6673,3958,3242,2811,2631,2789,3024,3008,2991,3205,8062,3110,7129,2903,3116,3259,3493,2680,2753,5928,5634,3341,8654,3930,4825,4551,3038,8497,2607,2589,8053,135,163,248,184,78,143,123,130,128,152,177,178,153,121,126,183,186,175,233,119,281,174,164,105,142,173,209,222,141,303,211,133,156,198,90,141,209,149,97,409,116,137,116,132,746,132,115,215,269,246,149,164,188,235,218,170,154,180,193,314,263,322,171,131,282,162,310,158,141,160,192,142,178,328,194,157,125,112,182,140,257,92,157,570,203,148,159,378,354,319,141,562,440,102,133,326,151,145,111,344,180,119,175,146,145,124,133,197,249,210,185,243,227,167,197,154,248,130,204,112,135,129,239,145,211,276,296,149,110,204,317,171,120,322,322,109,101,426,185,319,148,141,130,152,519,89,123,337,181,197,164,495,160,189,470,158,141,181,113,164,153,158,482,120,141,198,246,358,143,175,128,174,177,206,493,375,133,124,211,142,134,187,265,114,221,144,364,155,241,114,114,139,517,147,140,155,162,152,347,111,122,129,218,143,521,149,142,162,113,101,109,153,128,280,199,375,188,188,168,222,139,127,465,113,138,540,175,212,175,161,121,220,155,281,519,287,131,119,425,184,160,134,158,443,155,222,570,135,199,185,282,148,475,197,153,160,187,436,422,155,187,138,244,174,240,137,144,474,459,124,164,112,148,152,469,139,183,145,143,594,168,285,149,162,154,140,134,161,127,316,440,160,140,243,150,351,100,367,231,113,12,30,15,13,3,7,23,6,8,9,12,7,6,6,12,7,18,10,10,36,8,11,10,14,16,5,10,14,8,12,6,6,7,20,5,20,6,11,5,7,5,7,10,8,15,7,8,5,11,6,7,16,7,28,6,11,16,6,6,11,8,8,19,5,15,7,15,5,8,8,5,15,6,6,8,4,15,13,8,9,4,5,8,5,8,14,8,10,7,12,6,9,12,6,9,6,8,10,20,4,22,6,23,21,7,7,9,15,4,8,6,8,8,7,5,11,27,8,11,10,7,8,7,15,8,15,7,22,5,4,10,18,6,11,13,17,19,7,26,6,5,8,11,11,7,7,7,4,7,7,26,8,11,11,8,9,7,7,28,20,12,7,9,12,15,6,5,10,6,4,10,8,16,5,7,8,14,12,7,18,15,9,11,6,7,7,11,13,11,17,8,10,9,4,5,7,4,6,6,7,485,443,424,400,461,402,417,481,448,449,426580,395194,358852,408003,421546,371328,340147,443094,420412,362881,0,0,0,0,0,0,0,0,0,0,0,0,0,0,0,0,0,0,0,0,23,23,20,16,22,19,26,20,21,20
DIETRICH_T3,BatchC,3,3150,2605,3010,3081,15927,2687,6760,13128,2748,3021,11573,11353,6378,19121,3170,3127,2886,2863,3177,3194,14872,9892,2776,6848,5124,16585,3199,14081,2915,9476,2937,2990,3034,5301,3160,2894,3023,8094,2583,2947,2949,3136,2941,2789,2935,2917,19477,2784,30075,18561,3178,3275,2790,3117,2867,2816,17718,6299,10313,3261,2872,2864,3174,19455,2872,3034,2684,12202,3122,2888,2769,6689,2746,3112,3272,2927,2511,14582,3019,21968,3260,2970,2912,8426,2781,2906,2862,3091,23091,2992,3488,3124,2945,3024,11046,15963,8036,3045,2574,2837,2775,3429,2917,4505,2936,2761,2677,2753,3456,2695,2622,2811,2730,5375,2815,2939,3096,2818,6892,15659,2627,2626,2848,3330,3095,2792,3024,2928,13772,2898,2972,2979,22938,3005,2685,9565,3022,3154,3237,13681,2935,2730,2633,2765,2660,2880,10843,2612,3674,3126,3031,11428,2687,2864,4219,3260,3088,36803,2837,18809,3171,7219,15488,11283,2890,2605,26887,18069,3093,26007,2554,3063,2786,2792,7563,12934,3288,3459,3142,3240,15668,8919,3309,2709,3306,3144,15580,2908,15464,3368,10938,2963,2587,10035,2737,3933,3244,22793,3101,2690,188,696,152,165,95,126,436,118,142,122,207,103,410,154,149,654,140,196,125,122,148,167,503,1721,135,139,1110,199,131,1203,107,119,144,163,123,148,86,435,120,613,133,1201,107,354,897,112,110,972,306,102,117,146,219,127,121,162,148,151,167,114,337,114,491,684,756,748,151,520,136,147,328,143,126,2300,839,163,110,181,201,178,149,93,165,142,107,139,159,138,515,137,165,184,233,95,142,148,674,698,114,906,178,100,177,155,127,119,126,344,161,189,165,608,1716,206,202,139,150,581,176,118,201,790,171,170,198,154,130,807,187,110,210,184,146,139,135,302,804,158,175,591,84,1742,148,159,187,870,122,140,785,214,160,189,125,606,162,143,157,808,113,402,151,712,157,1503,161,195,121,863,157,175,134,861,578,186,194,949,1029,84,441,145,385,185,822,214,111,492,180,867,148,394,459,130,139,150,476,153,175,186,389,123,133,176,167,187,155,443,845,171,117,119,111,94,336,785,144,152,174,180,153,184,603,129,125,116,117,125,614,201,1895,150,136,150,138,99,208,948,133,475,127,161,142,169,161,182,149,110,220,147,220,151,143,175,1352,230,182,162,240,307,209,152,146,113,767,328,105,497,162,256,189,124,143,123,108,164,169,149,218,129,163,783,709,203,155,445,472,153,122,156,268,159,1138,465,118,470,162,200,251,366,93,109,30,9,21,13,3,7,12,42,17,9,6,6,10,33,10,7,28,7,8,12,17,6,11,28,13,30,9,11,14,10,8,21,8,7,25,9,6,11,8,22,14,27,32,7,32,54,7,6,10,9,8,9,9,50,9,9,6,41,37,18,16,9,44,11,10,10,8,16,32,7,28,51,10,6,8,5,9,8,7,39,4,13,8,6,9,43,7,24,139,11,6,7,13,6,10,6,7,8,9,4,7,7,28,6,25,15,9,8,4,8,6,9,5,8,7,5,8,8,6,12,21,8,14,7,8,6,34,12,6,4,13,47,8,5,7,19,8,18,9,13,11,7,11,8,7,21,62,15,8,6,33,6,10,6,20,7,6,6,67,6,12,8,5,9,7,44,4,7,7,4,37,7,5,5,8,30,13,8,9,5,9,19,7,26,14,6,7,55,7,6,21,20,10,25,5,5,15,6,33,6,4871,3849,3781,4098,5042,3869,3498,4460,3856,4149,879265,955164,709694,850066,913029,796786,792880,915701,861248,797752,0,0,0,0,0,0,0,0,0,0,0,0,0,0,0,0,0,0,0,0,21,22,17,17,21,21,21,21,19,19
JACOBS_T3,BatchC,3,3200,3200,3040,3022,17387,2946,7528,13080,2955,2962,11089,12135,6203,20207,2877,3003,3179,2794,3108,2993,15910,11058,2933,7923,5351,17468,3021,14997,2787,8911,3114,2949,2989,5181,3408,2934,2831,7696,3092,3025,2906,3266,2581,3039,3010,2659,20546,2906,31643,17456,3169,3218,2709,3071,3005,2918,18760,6376,9777,3332,2927,2720,3017,19030,3436,3288,2724,12800,3442,3119,2822,6472,2615,2822,2844,3342,3333,15987,3217,19384,3179,2732,3040,9487,2821,2889,2879,2910,26317,3237,3620,2779,2885,2930,11138,15781,9084,2916,3260,2806,2903,3032,2641,4003,2809,2767,2940,3125,3344,2727,3246,3090,2902,5266,2777,2915,2931,2885,6942,14441,2666,3260,2560,2959,3545,2650,3192,2781,13648,3157,2837,2897,22437,3276,3085,7263,2522,3446,3100,13356,2869,2717,2737,2933,2756,2879,10872,3098,3161,3070,3012,11009,2575,2784,4325,3157,2992,41472,3094,18593,3058,7986,16211,10781,2853,2702,24826,18987,3421,23824,2757,2980,2816,2925,6577,11734,3338,2902,2706,3112,15046,8243,3188,3076,3145,2932,14831,2472,13461,3011,11907,2807,2844,10667,2928,4186,3038,22116,2739,2961,163,613,144,173,86,157,438,128,106,120,168,130,381,113,141,546,173,192,138,143,159,150,536,1664,150,163,1273,212,116,1050,116,122,148,218,116,116,103,437,110,617,131,1069,117,301,772,117,115,920,256,133,165,148,236,117,130,180,180,138,135,116,257,148,459,992,755,730,138,558,160,155,352,171,160,2122,916,172,128,175,183,154,172,101,171,186,159,139,158,143,396,138,105,171,205,90,146,154,655,660,119,1006,178,121,191,125,142,131,139,324,175,221,196,662,2011,149,205,143,146,485,219,128,155,947,203,193,218,158,117,703,171,150,205,177,137,105,180,384,934,171,204,646,88,1901,154,160,207,852,143,178,659,200,168,189,128,532,188,162,171,690,118,345,149,587,168,1596,131,235,132,919,144,204,156,756,651,182,167,1064,1016,101,374,140,416,219,800,244,122,540,148,823,147,469,489,147,105,149,518,164,198,164,417,143,165,161,161,180,153,571,791,196,99,119,108,113,432,674,152,177,178,194,170,190,749,119,122,103,132,139,655,225,1839,185,115,159,131,105,198,991,146,486,136,180,110,161,151,222,145,118,171,156,171,157,127,155,1326,196,141,148,189,235,209,167,149,146,710,319,112,564,137,191,188,124,149,141,132,146,149,149,173,114,133,1037,531,244,134,561,479,134,153,148,292,158,1105,578,120,411,116,197,191,338,88,109,33,7,27,14,4,8,14,42,18,7,6,7,8,27,10,9,26,7,10,10,15,6,10,40,10,37,13,12,12,11,7,24,7,8,22,11,8,11,9,23,14,27,34,6,44,53,9,6,9,9,7,9,8,71,7,5,5,37,39,17,19,7,43,11,10,8,7,14,40,6,29,51,8,5,9,5,10,10,6,41,4,19,7,5,11,46,9,21,149,13,7,8,11,5,11,8,6,9,9,5,7,7,21,6,24,18,10,8,6,8,4,6,4,8,5,5,8,9,6,11,24,8,12,7,8,6,36,10,6,4,12,40,6,4,7,21,6,19,9,12,12,9,14,9,7,20,70,13,6,8,44,6,10,4,17,8,5,8,74,7,14,6,6,6,8,71,5,9,7,4,34,8,7,5,9,28,12,8,8,8,9,17,9,19,15,7,9,50,8,8,20,19,9,23,6,5,13,6,31,7,266054,214345,208803,242274,268475,215165,213724,260129,236315,238187,1000000,1000000,1000000,1000000,1000000,1000000,1000000,1000000,1000000,1000000,1,1,0,1,1,1,1,1,0,0,1,1,1,1,1,1,1,1,0,0,22,21,18,18,20,22,23,21,19,19
RAINS_T3,BatchB,3,3121,5992,3106,3010,2501,2838,5010,2963,4626,6606,3426,6784,5112,3205,6466,3091,2933,2960,3264,3192,2825,2866,3317,8004,2989,2916,6006,3020,2879,2803,3104,3076,3031,3114,2942,3289,2654,7192,2901,2850,6091,3200,2637,3124,3204,5986,3491,3366,2987,3051,5144,6432,3070,2983,8129,3090,2840,3252,5414,9859,2934,2891,2953,6767,3040,3064,2827,3120,2877,2954,2725,4144,2634,2958,2953,3025,5857,6138,2761,6763,3214,2724,2865,5683,3002,2956,3041,4261,3070,6513,6246,3006,2429,3936,2730,6274,6579,2830,3197,7819,3046,5252,2638,3002,2811,3034,2783,2844,6804,2964,3321,2882,3666,2641,2782,6072,2839,3060,3664,3029,2665,6573,3217,6150,3496,2975,3571,4841,2787,2809,7471,5322,2855,2942,2453,6439,3003,2893,3341,3361,9911,2987,4594,2990,2941,2863,2987,3288,3567,2907,2923,6415,8433,2773,2814,3144,6627,3386,2826,2488,2972,2745,3337,3101,4598,2875,3000,3235,10012,7266,4050,3129,2802,2658,2856,2720,2944,3387,3155,6694,3102,6700,2649,3270,3053,3281,3174,3262,6467,5905,3606,8399,3474,5145,4283,2850,8326,3010,3064,8411,186,185,223,161,104,130,119,123,128,127,177,186,149,151,136,166,181,203,253,124,287,187,166,131,142,127,258,218,109,381,202,151,163,180,130,119,205,129,92,380,119,140,100,104,717,103,131,212,285,235,151,128,202,184,232,172,159,263,218,277,222,260,182,128,318,204,372,178,145,123,189,174,162,308,188,145,122,147,191,167,227,83,147,460,246,120,153,365,344,294,165,400,487,106,141,366,167,134,112,382,202,103,218,143,162,123,145,170,265,189,149,199,197,181,205,138,226,131,144,108,175,161,169,197,230,312,253,175,110,197,295,161,143,355,285,117,117,355,205,351,190,169,151,185,558,108,116,439,188,198,164,495,138,182,448,165,143,202,119,155,152,174,515,118,124,193,211,401,132,187,142,209,175,190,476,392,150,140,204,118,147,175,219,107,250,147,398,156,268,99,106,157,416,169,165,156,161,178,397,123,140,153,214,135,564,142,141,213,96,116,91,177,142,315,188,346,209,165,142,206,155,125,502,135,119,471,171,196,180,145,107,293,143,276,469,253,141,116,337,178,142,157,152,385,160,279,469,165,197,171,236,149,500,226,168,163,186,460,377,143,151,146,215,171,252,136,120,436,388,98,166,154,141,134,455,145,183,135,160,557,154,330,176,159,136,128,141,163,124,272,477,175,138,272,139,308,91,309,179,116,10,25,14,11,3,7,22,8,6,8,9,5,8,7,9,10,16,12,9,28,10,14,10,15,17,7,10,16,9,11,7,5,8,23,5,16,6,11,4,5,5,6,11,7,18,8,9,6,9,8,9,13,10,30,7,10,22,7,8,10,7,8,18,8,15,9,14,7,7,7,4,14,9,6,7,6,16,11,9,9,5,6,6,5,8,11,13,13,7,10,6,7,14,4,8,6,7,13,14,4,25,7,20,19,6,8,8,12,4,9,5,8,6,7,5,11,24,7,11,13,6,7,10,16,8,19,8,29,6,5,12,12,8,12,12,13,26,5,27,9,5,10,10,8,7,6,9,5,7,8,20,8,10,8,8,9,5,8,26,21,9,6,8,13,14,5,5,8,5,4,9,7,16,6,10,7,12,19,10,15,12,8,9,7,6,6,14,11,11,26,8,11,9,4,4,6,4,6,6,7,598331,504039,481225,580370,591625,499622,498689,604780,511216,599885,1000000,1000000,1000000,1000000,1000000,1000000,1000000,1000000,1000000,1000000,0,0,0,0,0,0,0,0,0,0,0,0,0,0,0,0,0,0,0,0,21,23,20,17,21,20,23,22,21,19
WREN_T3,BatchB,3,2911,5820,3247,2826,2829,3018,4813,2877,5693,6144,2646,5755,5201,3585,5925,2757,2859,2542,3175,3078,2772,2890,3430,8345,3173,2962,6584,3187,3332,2885,3234,2819,3263,2877,2830,3418,3155,7222,2951,3151,6755,3063,3037,3060,3104,5819,2896,2987,2964,2959,5038,6359,2688,3184,7733,3260,2968,3294,5619,9730,2859,2687,2963,6363,3079,3126,2885,3036,3236,2927,2769,5149,3071,3170,3031,3186,5682,5756,3213,5821,3419,2631,2619,5675,2774,2930,2869,4159,2934,7078,6092,2614,3205,4813,2784,5969,5990,2943,2870,6999,2785,5356,2846,3280,2730,2790,2687,2990,7159,2587,2742,3023,3629,2832,2831,5420,2982,3070,3047,3144,3048,6603,3088,7559,3010,2874,3093,4663,2865,2729,7469,5800,3059,3348,2944,6402,2964,3289,3382,3160,9575,2682,5062,3168,2654,2973,2972,2993,2988,2963,3140,6684,8744,3101,2757,3226,6826,3054,2815,2791,2903,2604,3437,2944,5357,2555,3001,2879,10115,6873,3971,2772,3185,2653,2912,2866,3344,2916,3106,7503,2771,7034,2970,3453,2869,3130,2779,2920,5953,5334,3159,8194,3543,4994,4392,2921,8250,2898,2943,9047,142,201,228,183,104,126,138,125,131,137,194,220,129,124,131,188,143,214,257,104,306,179,154,117,167,135,261,238,120,329,242,115,184,223,129,119,233,157,114,377,154,161,91,119,679,117,121,197,287,225,124,165,224,218,274,182,153,250,197,324,238,251,153,113,295,209,361,183,167,124,185,145,183,433,191,143,145,111,201,161,245,108,163,415,208,134,167,365,350,241,133,397,543,123,146,390,183,145,94,319,197,103,152,133,171,114,127,183,242,221,197,192,249,194,239,158,254,130,177,125,205,143,212,170,242,305,236,150,115,207,341,144,116,368,312,109,147,403,190,393,182,143,146,172,518,135,107,408,200,183,143,528,133,195,425,173,168,201,129,138,140,169,487,123,150,245,270,420,173,169,113,192,192,189,431,391,170,124,193,137,141,191,265,115,310,144,382,176,246,114,90,199,444,189,172,149,198,152,377,146,128,171,181,113,578,140,123,162,111,127,96,205,126,333,212,340,208,201,134,189,151,122,490,118,116,555,167,207,172,142,117,261,136,273,417,279,134,110,310,190,163,156,155,341,128,232,452,124,191,154,232,125,617,213,161,146,177,509,399,140,170,126,241,173,274,111,153,422,365,114,157,130,162,177,456,126,201,108,166,427,136,350,144,188,142,140,177,174,124,281,386,152,148,275,162,378,106,313,227,112,13,17,15,12,3,7,21,10,8,10,12,6,8,8,8,8,18,11,7,38,7,16,9,14,13,7,9,13,10,10,6,6,6,21,4,13,7,10,3,7,5,6,11,8,18,7,7,5,10,10,8,15,8,29,6,11,21,6,6,14,7,7,18,6,15,9,12,5,9,8,6,15,10,7,9,5,17,10,7,9,4,5,7,7,8,13,11,9,7,13,5,8,13,6,11,7,6,8,20,6,21,5,20,23,6,10,9,10,5,7,6,8,6,8,6,10,20,7,13,10,6,9,8,13,10,15,7,22,5,5,11,11,7,11,15,15,15,6,23,9,6,8,13,8,7,6,8,5,7,6,22,8,10,10,9,8,7,8,32,18,12,7,6,12,14,6,5,8,7,4,8,8,18,5,11,7,14,21,9,16,15,7,9,6,5,7,10,12,11,22,9,12,10,4,6,6,4,6,5,7,100758,99563,87612,93235,87059,93549,86929,88365,91235,100022,1000000,1000000,1000000,1000000,1000000,1000000,1000000,1000000,1000000,1000000,0,0,0,0,0,0,0,0,0,0,0,0,0,0,0,0,0,0,0,0,23,21,18,17,20,20,22,20,19,18
